"","x"
"1",2.41136534330533
"2",0.160788101051603
"3",-0.852170840026185
"4",0.151015507742774
"5",1.83608447782819
"6",2.04009954532107
"7",3.67565779089456
"8",-0.917911710176029
"9",1.91326781538484
"10",0.881352101064121
"11",0.231931645865167
"12",3.57760718265561
"13",0.78438449061566
"14",1.28454895919386
"15",0.244878593737211
"16",0.577132743585018
"17",-0.777757806862474
"18",0.111587597636465
"19",3.30348246212605
"20",-0.4875932179261
"21",-0.0263637293216198
"22",-1.02019649770584
"23",1.24905859403249
"24",-0.00378574236356216
"25",1.41417110129902
"26",-0.0565820339509976
"27",-0.604433559200565
"28",-0.492161509346254
"29",1.2495806686052
"30",0.473450183639554
"31",-2.00412105361464
"32",1.97476963634463
"33",2.66508448490643
"34",2.22843790951143
"35",-1.94983841024306
"36",-1.45136610301124
"37",0.969795779374847
"38",1.08376348737017
"39",-0.909914718525914
"40",-1.5853909198276
"41",2.14842365918805
"42",-0.532905774845957
"43",1.06112479373776
"44",1.70241671625139
"45",0.372587848819554
"46",3.83149569564144
"47",0.320616050448975
"48",0.448130657599766
"49",-0.496907589502565
"50",2.52135642332998
"51",-3.41770441326974
"52",-0.224569267273152
"53",1.10350732596515
"54",-0.0990298688420637
"55",-0.82942907732327
"56",1.37843084598103
"57",-2.38802231793444
"58",0.132107032475395
"59",-0.0763044054321125
"60",1.42023698843152
"61",-1.04742990198965
"62",0.494584230507841
"63",3.05102129709673
"64",1.95264648852268
"65",-0.465806943933203
"66",1.7739669085156
"67",-1.22321623647563
"68",1.08128671305576
"69",2.34596331479263
"70",1.08710218922928
"71",5.70313011070269
"72",0.411943519791202
"73",2.08920736187429
"74",-2.19863298067894
"75",0.0842868621246963
"76",-0.951382199091775
"77",-0.0182459650281793
"78",-0.800635588480429
"79",0.876540145805304
"80",1.47238172521586
"81",-2.96544239243725
"82",-0.145537711634817
"83",-1.02205193833797
"84",1.76006735179895
"85",0.487390538434807
"86",-1.23986687157713
"87",0.415690769948435
"88",-0.762696377754775
"89",0.355556211787407
"90",-2.00722282720282
"91",1.28741778067057
"92",-0.667449968517516
"93",-2.48424257339841
"94",1.02868815042504
"95",-1.72057025835899
"96",2.98477557339064
"97",4.93422871659789
"98",-1.03810843456839
"99",1.33464618674518
"100",1.91714731250736
"101",-1.71160152680031
"102",0.115461785711306
"103",1.6257312084737
"104",2.77319053517695
"105",-0.66107771233265
"106",-1.82019593836732
"107",-1.26746101372799
"108",-1.48883667673226
"109",-1.38250263860247
"110",-1.68191098299815
"111",-0.165735336687832
"112",0.318739776267655
"113",3.18825425485832
"114",-1.09343517184839
"115",0.549872553626755
"116",1.1631798361385
"117",2.5493170727651
"118",0.427151404815636
"119",-1.45933805129114
"120",0.695640409067013
"121",-0.421105011805612
"122",0.193965634644547
"123",1.05877103188147
"124",2.01966511684731
"125",3.11101396484717
"126",0.633080409682152
"127",-0.0207794329436109
"128",0.653844035930853
"129",3.59861805020154
"130",0.893570519000882
"131",-3.04421893557344
"132",1.06803594184052
"133",0.260004534459094
"134",-0.30057305554501
"135",2.73277875388241
"136",-0.137817753968623
"137",-1.40622471028478
"138",2.11219662176098
"139",-0.890419219011605
"140",0.796869846876878
"141",2.19038474597141
"142",-0.308931200262855
"143",-0.563725871716491
"144",1.34870071067378
"145",-0.3483217125862
"146",-1.18970463269842
"147",-0.460070199235903
"148",1.09352048029466
"149",-3.34822694559339
"150",3.27729467170678
"151",1.83134133456225
"152",-2.72323946991763
"153",2.13592922455988
"154",0.140584416038709
"155",-0.140119135652924
"156",3.79013399135276
"157",1.08858737691329
"158",1.91220909079202
"159",0.759428195623728
"160",-0.499920614703637
"161",0.627376093416754
"162",0.455435595137761
"163",0.986275846746381
"164",-1.39688063879042
"165",2.40277687833335
"166",0.597664992058673
"167",-1.34008909883129
"168",0.298934478549419
"169",-2.34309388252958
"170",-3.24518177636393
"171",-0.579644872233191
"172",0.977969871344355
"173",0.162771996020596
"174",0.989360253571476
"175",-1.29591141388002
"176",0.577843214562963
"177",-0.116288142335403
"178",0.0447021940860357
"179",-0.629681809827383
"180",-0.123119009541482
"181",0.912398163938534
"182",-1.99276832524765
"183",-3.08750998342316
"184",0.786292290221812
"185",0.56438586802562
"186",1.2092915442546
"187",-0.520343687689616
"188",0.303150072885754
"189",0.125750138564417
"190",1.09093685773479
"191",0.115962465939405
"192",2.13416871978307
"193",1.00465075313919
"194",0.375911845450977
"195",-0.92060260563285
"196",-1.85063224201732
"197",0.491887778194586
"198",-0.355914302413566
"199",-2.52639745822126
"200",3.04533251215305
"201",1.74946373957955
"202",1.5161097670557
"203",5.36046728800268
"204",-1.56786872042792
"205",0.30531790445058
"206",-1.02803771737529
"207",-0.245678162207965
"208",-2.75535062647545
"209",1.8426697788437
"210",-1.90886096951782
"211",-0.248875525689326
"212",-1.81547070132605
"213",-1.19184753502067
"214",1.45480514687998
"215",0.499968082493235
"216",1.38856520411921
"217",0.47056117168853
"218",-2.30642343388128
"219",0.216783971845207
"220",0.80207077828633
"221",-3.789269634287
"222",1.06343855808719
"223",-2.47065244381983
"224",-1.11013837187963
"225",-1.08270120665037
"226",-0.771815816297609
"227",2.86540274635636
"228",-0.301906055064706
"229",-3.59790275894418
"230",1.05085424030103
"231",1.46150029956539
"232",1.23853384645905
"233",1.44002440351002
"234",3.22365424539061
"235",1.71614717867382
"236",1.57348863144942
"237",1.00048428511759
"238",2.76604999182185
"239",0.566113231403406
"240",0.825991990936988
"241",-2.69793832358563
"242",-2.13993407283153
"243",0.975751555481207
"244",1.28575195728768
"245",1.8795576538855
"246",1.08051666821548
"247",1.10858795534986
"248",-0.0358092934769262
"249",1.33419283439538
"250",-0.0510870719507361
"251",0.460273089736226
"252",-1.10877281359945
"253",-0.49378867218103
"254",3.85909204550129
"255",2.42148978283298
"256",-1.08233358991977
"257",1.14046897602085
"258",0.149793784744139
"259",-0.455275975593761
"260",-1.02550685792394
"261",-3.7091747780587
"262",-1.19631292506763
"263",0.338630539722723
"264",0.958849481009578
"265",0.0430574727826158
"266",-0.42027055243617
"267",-1.2927331782673
"268",0.0189856599072051
"269",-0.559363504199014
"270",-0.876028876157457
"271",2.82495113945725
"272",1.23573614625495
"273",1.76803327008057
"274",0.760215025295121
"275",-0.282379118278667
"276",-2.48225193386667
"277",-0.203318562147912
"278",0.330318327898333
"279",0.595213242418855
"280",-1.27966710893088
"281",-0.723676552976794
"282",2.23120200260046
"283",0.180993384372615
"284",-0.405087114558623
"285",0.681859050652025
"286",-0.118139484058493
"287",-2.01120455873049
"288",-3.01423707439865
"289",1.49178742489536
"290",0.506582575840147
"291",2.90475059220619
"292",0.829506520625675
"293",2.79913643130547
"294",0.572197239182999
"295",0.87752450096879
"296",0.402795963616674
"297",-0.128923613742774
"298",-2.01340227115894
"299",-0.0318547986836695
"300",1.44199648798855
"301",-2.74335652030583
"302",-0.609095217766583
"303",-0.94684990317972
"304",0.181026384869352
"305",-0.89376788670367
"306",-0.507684023808213
"307",-1.98155131883343
"308",0.098918218709291
"309",-2.29381925495661
"310",0.247001198748954
"311",1.44102040837484
"312",-0.649106556968089
"313",-2.02119908742171
"314",0.316666466870015
"315",-0.0228368975021962
"316",-0.116353760914795
"317",1.62898031316952
"318",-0.896557148103375
"319",1.09797723989208
"320",2.12262723223879
"321",0.918210448916113
"322",1.24721998943335
"323",1.50215788418771
"324",-0.738868145493158
"325",0.63821178910088
"326",0.0063316485489544
"327",0.156173033308271
"328",1.59697802957441
"329",-0.870727267185997
"330",-0.366258658992493
"331",-1.07486049057508
"332",-1.39515882454377
"333",1.14885939647799
"334",0.754990983790115
"335",0.530717830300017
"336",0.653480767341722
"337",-1.97483711670098
"338",-0.712963334221797
"339",-2.6069198114595
"340",-0.958508836255139
"341",0.569780797637284
"342",-0.565898559071577
"343",1.30478892566978
"344",0.664426903494813
"345",0.636701774956279
"346",-0.0317120807172295
"347",-5.72464487811464
"348",1.7054793894981
"349",-1.80093037039241
"350",6.5062097979997
"351",-0.616100197510756
"352",0.198637235829825
"353",0.65897821181219
"354",1.64144601858072
"355",1.05380927828758
"356",1.48597850788434
"357",1.40623289941126
"358",-0.893021884870267
"359",1.29695828640869
"360",0.255410166866
"361",0.24813828497437
"362",-1.69644451680127
"363",-0.0529293244980245
"364",-0.862804947466358
"365",1.35975876474303
"366",-0.0830511492768261
"367",3.45813008924475
"368",0.94934641042954
"369",-2.36577493374853
"370",-1.56611775430305
"371",2.37947951347291
"372",-2.84758936247111
"373",1.99759853818018
"374",1.50499027557917
"375",0.517411010600014
"376",-1.31321736824608
"377",-0.809614594175647
"378",-0.562786703655809
"379",-2.35627375743627
"380",-0.262234541828582
"381",-0.958175997082487
"382",2.80281777076835
"383",0.845099946323922
"384",0.375325201775266
"385",-0.332749123538969
"386",-1.66323991183468
"387",-0.442518375389239
"388",-0.488520833605477
"389",-2.45151228469926
"390",-2.41381202926607
"391",0.725675757393679
"392",-0.660401125039714
"393",1.36378099790862
"394",1.72536373231879
"395",3.64277021904669
"396",-3.47339540678474
"397",-0.508655729534587
"398",1.88178797801371
"399",0.15339437972286
"400",-0.187772727630726
"401",1.79672823255265
"402",-1.28976320799138
"403",-0.992797602542871
"404",1.69497985085884
"405",-0.869643026230564
"406",-1.00314777958451
"407",-1.24396737237537
"408",1.58806881654789
"409",-0.324153566839015
"410",0.541638423724704
"411",-0.281225075505009
"412",-0.0546807052972699
"413",-1.56284234592177
"414",2.8068941999563
"415",0.384276108245159
"416",0.916808923632041
"417",-3.14665655833791
"418",0.626247207952446
"419",0.995905665415514
"420",2.46423126797152
"421",-2.36019000278438
"422",-1.93366063005296
"423",0.532694391207583
"424",2.36338964575695
"425",0.154843397861058
"426",0.52818779631108
"427",-2.63348282550377
"428",0.399999504212446
"429",-1.06373985923154
"430",-0.367422895311376
"431",1.01332713100792
"432",-1.88055660426017
"433",0.171099849264264
"434",0.726747930818964
"435",-0.495882084932659
"436",1.20228508472866
"437",-1.97997452929481
"438",1.26981274519357
"439",-0.736666998788685
"440",1.82499218071907
"441",0.557017735150827
"442",-0.652649422066351
"443",0.268245557226772
"444",0.75492495891953
"445",1.19762442229259
"446",0.612826658478252
"447",0.947178776746102
"448",0.62985105775421
"449",1.47714612551873
"450",0.697130630123999
"451",0.240684247559418
"452",-0.559726419799463
"453",1.99895929364226
"454",0.437761008221461
"455",-0.469140806885918
"456",1.85427719763595
"457",3.20955245921138
"458",-0.944806531283037
"459",1.72926786007045
"460",-0.564286020534643
"461",2.27352292624611
"462",-0.151890985348857
"463",-0.382257685601561
"464",-1.96914790083398
"465",0.237487572080362
"466",0.640144721477125
"467",-1.65379923545548
"468",-1.5257374953994
"469",-0.355753034442537
"470",-0.190344968929524
"471",-0.560843461108142
"472",-0.898464961895418
"473",-3.0288772659398
"474",-2.31201345876127
"475",2.28913849328459
"476",-0.508007744928768
"477",0.0852032666144949
"478",2.13745635904188
"479",1.42966545720755
"480",1.0800729564663
"481",0.956889476330281
"482",0.0185195171780474
"483",-0.478746001947017
"484",-0.25889163571566
"485",2.20306293942601
"486",-2.24581095312949
"487",3.57459930504916
"488",0.58777843611065
"489",1.28772797198322
"490",2.48754040870537
"491",0.140367020001836
"492",2.16142191947223
"493",-0.733182162046956
"494",0.117795684015806
"495",1.74921329087026
"496",-3.42704937353284
"497",-0.885816745404552
"498",0.757215662152818
"499",-0.313942199258939
"500",-1.97487664081658
"501",2.01742519143597
"502",1.50140642711847
"503",-0.457187596403972
"504",1.70262399979767
"505",0.702175978063808
"506",-1.90717710318935
"507",-1.18182920655078
"508",-0.0674940493220156
"509",-2.12144853435525
"510",0.104949677285882
"511",2.42592970348115
"512",-2.09563351609656
"513",-0.977163709007845
"514",2.94931830890158
"515",-1.10536621437123
"516",2.52183877071179
"517",-0.292185900243994
"518",-0.346115129814569
"519",-1.18212321268256
"520",-0.901373562963043
"521",1.20722074154687
"522",-1.34307724685572
"523",-0.183270851668979
"524",3.24802608960578
"525",-0.348858416595806
"526",1.3155018128913
"527",-0.463718328848167
"528",0.742653504717672
"529",-0.827670139512114
"530",1.47659643136994
"531",-0.109126764567093
"532",-3.37083992275726
"533",-2.59144641042124
"534",3.51827054246093
"535",-0.922538174167307
"536",1.01642364964667
"537",-0.0235464966859673
"538",-0.104183772189308
"539",0.367682118394329
"540",0.92984777029621
"541",1.25602429020842
"542",1.50954722351108
"543",-0.817605016733682
"544",2.39559428239142
"545",-2.14814752847374
"546",3.55047948224934
"547",-0.77530602625031
"548",-1.19142788280731
"549",3.4052881618198
"550",-0.56947655525166
"551",3.58610221570146
"552",0.924734926544291
"553",-0.580132273517402
"554",1.37550807357947
"555",0.0455704847636411
"556",-0.982075229833663
"557",1.00863911271482
"558",-4.10320607817253
"559",-0.335158151241629
"560",0.243406104409924
"561",0.419385716732301
"562",-0.109325194277759
"563",-2.00570558509901
"564",-0.159923619198211
"565",-1.30804546583178
"566",-1.81972105249814
"567",-0.109627092737266
"568",-0.166635472493082
"569",1.73980258003564
"570",0.80655321478266
"571",0.146556319321671
"572",0.715321595192937
"573",0.43657124016953
"574",-1.34522689812733
"575",0.787086125451786
"576",2.5359824773049
"577",1.48076652642969
"578",-0.596912494036661
"579",0.0563474410524963
"580",1.02751801134755
"581",0.92189783504638
"582",-0.870842674697409
"583",-1.73502105208191
"584",-0.00765707064688015
"585",2.20509232130614
"586",0.188231214373181
"587",1.13207080275346
"588",-0.803010858385425
"589",-1.18831839891552
"590",-2.57898367483525
"591",0.432302091712912
"592",0.144380278631864
"593",-1.10712572835836
"594",2.67852614766074
"595",1.01052075726364
"596",-1.82801101953686
"597",1.77418650858002
"598",1.19991733787136
"599",-0.419670243278169
"600",1.03546054015732
"601",-0.589403631060907
"602",0.262641470999141
"603",0.931698820932544
"604",0.0175727922636387
"605",1.47775958088076
"606",0.296495360283024
"607",0.0863247221659235
"608",-2.04491649190824
"609",0.516107535370837
"610",-0.964276618639324
"611",-0.086046399931138
"612",1.21462383389299
"613",0.408974599610869
"614",2.23688920658571
"615",3.06662405051013
"616",4.21479654827403
"617",1.01275629135434
"618",0.755356546688283
"619",-0.0190020771789453
"620",-0.678289423794399
"621",3.57824524922579
"622",-0.527170811541343
"623",-2.56557205725679
"624",-0.121620013133292
"625",1.08964812951906
"626",1.05448320123822
"627",0.647496219758758
"628",1.50706782779261
"629",-0.708934719374829
"630",-1.19297172992676
"631",0.787085771592166
"632",0.986195548746944
"633",-0.749865645304728
"634",-3.36048454597224
"635",-0.717586514381035
"636",-1.86631521352414
"637",-3.8216620134356
"638",-0.88131542477487
"639",1.50612484339156
"640",3.43072763481506
"641",-0.194253611637125
"642",1.8447321360117
"643",1.2422579142809
"644",-0.96503310967549
"645",2.14173944345557
"646",0.91758701373187
"647",-3.58000165873789
"648",0.448747460333422
"649",1.5530421101194
"650",2.00286474201568
"651",-0.967922344876035
"652",-1.74856067137511
"653",0.30036108914166
"654",2.69566800953165
"655",-0.212630092118141
"656",-0.938329987329097
"657",0.484709378738083
"658",0.0739829508566262
"659",1.56549066024385
"660",-1.2304674941648
"661",0.769763324860924
"662",-1.59400193518059
"663",-0.0947646371950116
"664",0.97728760002475
"665",0.662786833020896
"666",-0.597729695508994
"667",1.42361189479685
"668",-0.549953280691791
"669",1.56530159235064
"670",-2.73500213709584
"671",1.24270253389309
"672",-1.56556529586271
"673",1.09492203486934
"674",2.48473600979981
"675",-0.664849707797148
"676",-2.37950070771938
"677",1.11005040339185
"678",-1.15494815682627
"679",1.70737038642774
"680",2.04884564156927
"681",-2.90351975408371
"682",-0.123688578406941
"683",-1.52084451416704
"684",0.801085683060784
"685",-1.68447388716532
"686",3.47805735109193
"687",-0.492664998425372
"688",-1.16620274124167
"689",-0.353105711460808
"690",1.18102233947841
"691",0.555764298260987
"692",-1.21084398430346
"693",-1.18221983423319
"694",-1.0490763765324
"695",0.239062656811122
"696",-0.760142586295568
"697",2.42274407694463
"698",-0.73002830711126
"699",1.57523539521698
"700",1.83262578554894
"701",1.70170784528918
"702",-0.0596510602114382
"703",0.947726239385494
"704",0.286556131633855
"705",1.30503086078492
"706",-0.979814829270419
"707",-0.952539329673311
"708",0.523339220996848
"709",-3.79585146667627
"710",1.06853590686416
"711",-2.62198879557701
"712",-2.09604659163551
"713",0.361591742764727
"714",-1.14129520097052
"715",1.28821533508329
"716",2.5432212177843
"717",-0.721170681258395
"718",0.959239246083823
"719",-2.11664280853743
"720",-0.497795435602857
"721",2.00351608833931
"722",-2.69076504666688
"723",0.849804439733316
"724",0.111338340542829
"725",1.3440948058204
"726",1.21033290775416
"727",0.197258779476084
"728",-0.301412737922725
"729",1.19909812446457
"730",1.36627671510589
"731",-0.902247443898624
"732",0.474349618809609
"733",-0.0269399239181532
"734",0.399525740578136
"735",-0.133215225413494
"736",-0.854607202071976
"737",-1.45643637206824
"738",-0.587414980036403
"739",0.21095333025077
"740",0.808151075879506
"741",-0.963048278095624
"742",2.09336180675583
"743",-1.65637966535181
"744",-0.78007217488533
"745",2.85217856728993
"746",0.993954917357279
"747",-3.03610398832281
"748",0.171940389347438
"749",2.470997578186
"750",2.427719811089
"751",0.324461089903537
"752",1.56900939732675
"753",-0.0222127710958977
"754",-0.981584624778494
"755",2.24078269763606
"756",2.47437849269941
"757",1.20539532095804
"758",0.683887692399321
"759",0.517589620116288
"760",0.754302011941406
"761",2.02855315942071
"762",2.40742364312816
"763",0.213012527590909
"764",-2.0601441564696
"765",0.941220707709806
"766",-1.68514771613979
"767",-0.82391273942937
"768",1.11856242710027
"769",-0.841136107730918
"770",-0.989710531147731
"771",1.95267372759577
"772",1.12063786220766
"773",0.539520238911737
"774",0.947691497552731
"775",0.433150632775959
"776",0.619797606494554
"777",0.455872911406885
"778",0.947019811664945
"779",0.76252973367363
"780",3.46557988383571
"781",0.298452678363459
"782",0.951433029336714
"783",-1.60648835880568
"784",1.01252821701672
"785",0.90556399364278
"786",0.548909884903815
"787",-0.171021753593136
"788",0.741562458604148
"789",0.241033977554357
"790",-0.15905620242556
"791",-1.68257594542063
"792",-0.442174909118992
"793",1.21761332857457
"794",0.567198660094379
"795",0.75257659301888
"796",-0.193534360345362
"797",1.4372231286673
"798",3.38390829116924
"799",0.951998045434523
"800",0.22889297282083
"801",-2.78199756476647
"802",-0.184303912793525
"803",-0.434931927909647
"804",1.58050529603849
"805",0.499913215347779
"806",-0.768780580684372
"807",1.34020827088027
"808",0.326213634423349
"809",0.0504336918686364
"810",3.48917005494759
"811",1.81256848726851
"812",-0.977302835045441
"813",2.30684963986277
"814",-2.65608821093902
"815",2.32010210625796
"816",-0.815503257841614
"817",-3.6467743578096
"818",0.548363928833511
"819",0.243547035606342
"820",0.722557789794979
"821",0.766871298129088
"822",-1.81277114922924
"823",-1.47940078755517
"824",-2.94230523628142
"825",1.63364052698794
"826",1.75400181441232
"827",-0.702402979904133
"828",-1.96804545816363
"829",-0.855627604215071
"830",-0.522552505041557
"831",-0.430371000691124
"832",0.400367392509701
"833",-0.308942705519866
"834",-0.316642666598459
"835",-1.07890177982363
"836",0.750122659993794
"837",1.26374111571966
"838",1.15413530218016
"839",0.349844161693323
"840",-0.78948194240865
"841",-0.101770923110525
"842",1.10801594792394
"843",0.190076310170528
"844",-0.356427453875419
"845",-1.4573445422879
"846",-0.0361130357846418
"847",1.14075682808835
"848",0.395452309737997
"849",0.832754477467093
"850",0.103363216631092
"851",-1.97782649328198
"852",-0.464970783423893
"853",-2.05081909139453
"854",0.897600028546977
"855",-2.69266628586234
"856",-1.92614152179138
"857",0.417778156061581
"858",-1.69601139512563
"859",-0.29271224998695
"860",1.18874347117288
"861",1.83045055006929
"862",0.83795171108335
"863",-0.855240005566169
"864",0.165001344318837
"865",-0.676218105946935
"866",-2.82038600904647
"867",1.60325788934478
"868",-0.792838209440839
"869",-0.534897404551003
"870",1.1578861530026
"871",-0.843702466139447
"872",1.1280910787022
"873",1.7470054327069
"874",2.73872614624405
"875",0.439274939259081
"876",0.0888717758723204
"877",-0.983389137701213
"878",1.15602884461425
"879",0.373413334976965
"880",1.04671675206594
"881",0.196807174572097
"882",-2.21050968531268
"883",1.15010968564856
"884",2.13849565032055
"885",-0.160487808419717
"886",0.301741070356402
"887",1.3387631572035
"888",1.36642001268331
"889",0.974608260905931
"890",-0.799929771223362
"891",-1.35758056508135
"892",2.66490385506079
"893",-1.88022794509189
"894",0.260924975298371
"895",3.27321757966411
"896",0.592507331999939
"897",3.17729538349394
"898",2.35388269462235
"899",-0.335466953567268
"900",-0.0621580182826057
"901",-0.841457185228702
"902",-1.89645910182333
"903",0.793263368684605
"904",1.41848915668113
"905",0.165451037637582
"906",-0.89512959113874
"907",0.838836381877208
"908",0.241072741408909
"909",-1.87247214282184
"910",0.989408906368512
"911",-1.02834755600612
"912",-1.65045323720554
"913",-0.93432145934007
"914",0.113369524037805
"915",0.793036682935059
"916",1.76155918560748
"917",0.950414819691773
"918",-0.232219691213175
"919",-1.54351057615942
"920",-0.256381954132112
"921",-3.49468943614287
"922",0.289676345899061
"923",-0.361567885879533
"924",-1.49882952576316
"925",-1.76065285984972
"926",-1.79935288639056
"927",1.14171161389287
"928",1.6964151946461
"929",-1.7164624658322
"930",1.29501278694351
"931",0.159136786864748
"932",2.12144797038933
"933",0.67689410726727
"934",1.20543952035353
"935",2.29003121106835
"936",-0.202556928426327
"937",2.4384302370454
"938",-0.669086693280687
"939",2.43658795590524
"940",-0.577991962992139
"941",2.47264311218219
"942",-1.88862929620582
"943",-2.44538742509668
"944",-0.640382901986019
"945",0.840624383222558
"946",1.85584942835089
"947",0.315400284602129
"948",0.784156325793528
"949",-2.74605755750426
"950",-0.491182572428609
"951",0.173374516227435
"952",0.246080238987349
"953",0.0279827347776225
"954",2.234194729528
"955",-0.822975455117182
"956",1.20594537031748
"957",-0.316239832275731
"958",1.91230597564457
"959",0.701813903518637
"960",-1.38186922369029
"961",1.1105902849345
"962",2.16735621772594
"963",1.08727782833095
"964",0.059397184419869
"965",-2.2121721270157
"966",-2.30105291573153
"967",0.587881465775195
"968",-0.328096756651466
"969",-0.177618381989208
"970",-1.33227775423596
"971",-1.07948501296144
"972",-1.0598788848479
"973",1.69252191677137
"974",0.0846325711886219
"975",0.641690435367634
"976",-1.17975831881567
"977",2.84455375245855
"978",-1.00248338547276
"979",-0.719912584413556
"980",-2.5222922043577
"981",-0.940070985379276
"982",-1.78647110490636
"983",3.29383192609971
"984",-0.827813359338314
"985",-0.473780478369366
"986",2.91210367669437
"987",-0.246611287302536
"988",-0.302194573698313
"989",-1.43033128873551
"990",1.68929508615826
"991",-1.58220380449778
"992",2.62650009234174
"993",1.38580350599776
"994",-0.70245311085976
"995",0.187716763315312
"996",0.463350068386526
"997",1.01674224317569
"998",0.227794992745195
"999",1.36824673625647
"1000",0.608087888976742
"1001",0.510290719393279
"1002",2.52308401340203
"1003",0.713569413242288
"1004",0.107890536863912
"1005",1.42275175991581
"1006",-0.540648977355832
"1007",1.00058026911541
"1008",1.10896348266658
"1009",0.275465581495331
"1010",2.57062371212508
"1011",1.77945845472358
"1012",1.57796935471178
"1013",0.396199741385333
"1014",1.4927256235576
"1015",0.783745314632813
"1016",-2.29909395480436
"1017",-0.100981661079291
"1018",1.07972051731449
"1019",1.92041021441994
"1020",1.4384864668161
"1021",-0.488598908111533
"1022",-2.08756976495147
"1023",-7.70594496653393
"1024",0.521488258182405
"1025",2.80149680314779
"1026",3.0415495275823
"1027",1.51496315766386
"1028",2.60552351056638
"1029",1.15614968713393
"1030",2.21192975974196
"1031",-1.25874650432344
"1032",1.22152179313179
"1033",-2.14756900414007
"1034",-1.86179085480014
"1035",0.576346689322547
"1036",1.22553784501054
"1037",-1.43701057005189
"1038",-2.53978904934735
"1039",1.03011296537892
"1040",-2.02535064859871
"1041",0.860089383382547
"1042",0.804070902150096
"1043",0.851140150648183
"1044",-0.914450981514202
"1045",2.36437896557342
"1046",1.79206786410543
"1047",1.55684096768737
"1048",0.412054220761559
"1049",-0.130887007241661
"1050",-0.0808245484751108
"1051",2.21108237928421
"1052",1.05538116757879
"1053",1.76972275992207
"1054",0.90529139965035
"1055",-1.04508495505501
"1056",2.83623109399839
"1057",-1.47194977984978
"1058",1.33451915588356
"1059",-1.92818769795802
"1060",0.958807250693717
"1061",-0.722019923203378
"1062",-2.09991902274725
"1063",-1.2185429189527
"1064",-3.63946982739097
"1065",1.62334058854186
"1066",0.0915737633134227
"1067",-0.229658798280361
"1068",-0.0764592771116731
"1069",-0.777302733164689
"1070",-0.516378245593003
"1071",-1.25118006674841
"1072",0.420786086458846
"1073",1.739573940055
"1074",0.235966476633742
"1075",0.0621668947204319
"1076",0.802528649419894
"1077",1.46488845117563
"1078",0.612370282482096
"1079",0.821955626652982
"1080",-0.291327918187001
"1081",-1.60814294189059
"1082",-0.172109812712049
"1083",0.595263713326134
"1084",-2.87905152377532
"1085",1.13083262623538
"1086",0.178636277846338
"1087",1.21227869615719
"1088",0.499583798911428
"1089",0.433637147122297
"1090",-0.572424246146232
"1091",2.59072130958599
"1092",-0.360841495376551
"1093",1.44623880820776
"1094",2.09283406295504
"1095",1.63766333021797
"1096",1.75219982131366
"1097",2.25955432222928
"1098",1.89149195204522
"1099",-1.64241630753411
"1100",-0.597426063248866
"1101",1.58897503326418
"1102",1.91207608051304
"1103",-1.06550863233893
"1104",-1.25867098450407
"1105",3.42249711394463
"1106",0.476118970620813
"1107",-1.05847313691528
"1108",0.454277318741408
"1109",-0.421393573134505
"1110",2.22239615292193
"1111",0.291145672387682
"1112",-0.573095096778895
"1113",-0.349040555455893
"1114",-2.34245949267383
"1115",-0.54999860297222
"1116",-0.301758474811119
"1117",-1.24959015964733
"1118",1.79110672889509
"1119",0.992652231458688
"1120",2.98146955785251
"1121",0.886630857677942
"1122",-0.22227314861245
"1123",-4.91737087923042
"1124",-1.35674085959216
"1125",1.05968019804794
"1126",-1.79538235843609
"1127",-0.859224223503336
"1128",-1.14171053519321
"1129",-0.807691159719461
"1130",2.84178358474992
"1131",-2.82663104143625
"1132",0.699436366729303
"1133",0.621781335522959
"1134",-0.93217035181243
"1135",2.80945242658516
"1136",1.81035830979503
"1137",-0.158455707562394
"1138",0.929141498538145
"1139",1.61349063807156
"1140",-0.92307369985408
"1141",1.03883049268953
"1142",-1.58405856683079
"1143",-0.728834483429453
"1144",2.51188703268832
"1145",0.145019687062291
"1146",3.03762758336388
"1147",1.37202914917605
"1148",2.24852854122104
"1149",1.14035565588366
"1150",-0.554611561201694
"1151",-1.32882361491855
"1152",1.31038569371491
"1153",-0.20298447217757
"1154",1.1849916536403
"1155",-10.5639373563254
"1156",-1.83085874447073
"1157",0.768673673241143
"1158",0.918465218192984
"1159",0.432545183740096
"1160",-1.13852830454178
"1161",-0.775854776636125
"1162",-1.3009374463297
"1163",-0.23605021614562
"1164",0.783475445048378
"1165",-0.767039978201205
"1166",-0.670460941576893
"1167",-0.238572277689934
"1168",0.532387282679762
"1169",0.98213582346215
"1170",1.49174434592586
"1171",0.625246650843642
"1172",-1.6061434540966
"1173",-2.82922893109025
"1174",-1.72094664043186
"1175",1.65879093820468
"1176",2.32393646643179
"1177",-0.289598762207309
"1178",-1.23527349670661
"1179",1.30412413920582
"1180",-0.885742819965395
"1181",1.71963405775743
"1182",-0.290048819082084
"1183",1.75209645800435
"1184",0.280840104039487
"1185",2.2968355990982
"1186",0.379645590986427
"1187",2.12939092993554
"1188",0.357629182744939
"1189",0.45471392866044
"1190",0.763000164186484
"1191",0.00410350814500394
"1192",1.42036977304341
"1193",0.679654855769261
"1194",0.93635917025525
"1195",-1.08404321317463
"1196",0.589801564772911
"1197",-0.129468877388555
"1198",-0.381834183521157
"1199",0.0761138000662757
"1200",-0.0595482881879007
"1201",-3.3713418525758
"1202",2.96269407360734
"1203",1.5814557624886
"1204",-1.51290334546673
"1205",0.673327751806605
"1206",0.0848786249346215
"1207",1.19386528005705
"1208",-0.0761913822233641
"1209",-0.421421263766367
"1210",-1.90504941939007
"1211",-1.68719106413142
"1212",0.778049019278032
"1213",0.282557119216328
"1214",-3.65361840090799
"1215",-0.86882838126438
"1216",-0.479353909289386
"1217",-0.428316275603799
"1218",1.30524659724539
"1219",0.209466891323755
"1220",-0.941170275460708
"1221",1.01190505173342
"1222",-1.48461584350925
"1223",0.770760119686877
"1224",1.10988337941149
"1225",0.322639743550598
"1226",-2.77257956174665
"1227",-1.13763658325971
"1228",0.126920767385235
"1229",-0.80630393998336
"1230",0.749850770051481
"1231",1.47246498860025
"1232",0.538749081611546
"1233",-0.992467907273072
"1234",-1.43883728419245
"1235",-1.74375696208872
"1236",-1.22275332979277
"1237",0.971298504342739
"1238",1.56504370664657
"1239",1.20292985962698
"1240",0.945254839304382
"1241",-0.484500790655813
"1242",1.7686336856576
"1243",0.552566158671372
"1244",0.20739073556077
"1245",-0.503478841613553
"1246",-0.716444758155336
"1247",0.586672603422363
"1248",-1.23181632757997
"1249",-1.22791881845138
"1250",2.14767372999861
"1251",-0.303665584719624
"1252",0.0130476837224613
"1253",-2.20900522638308
"1254",-1.49511409965627
"1255",0.476091844071201
"1256",-0.482604597490807
"1257",-1.02973982002853
"1258",1.0946483362487
"1259",0.0192349769865823
"1260",-0.896176858180474
"1261",-0.883180016817213
"1262",0.0895028893702342
"1263",-1.23445647621513
"1264",-0.747264467039738
"1265",-0.112061937570409
"1266",2.56487962721196
"1267",2.18669799477854
"1268",0.697298489700541
"1269",-1.53316696221003
"1270",-1.22971584921211
"1271",1.37891253765822
"1272",-0.984242416382432
"1273",-0.795632601821164
"1274",-0.817836518777775
"1275",-1.50608100378301
"1276",1.64772685420625
"1277",1.56693166719542
"1278",-0.709432636571181
"1279",0.509241568980099
"1280",-1.57245348183513
"1281",0.465232701356408
"1282",-0.968745371511927
"1283",0.775025826894186
"1284",-1.97855377362813
"1285",1.15390748683599
"1286",-1.66672236175166
"1287",-0.400382050539816
"1288",1.34414478398213
"1289",2.07244958787326
"1290",-0.125762021368793
"1291",1.52940322866698
"1292",3.58815794085298
"1293",0.753306341430839
"1294",-2.19691723243457
"1295",-0.586878199443941
"1296",-1.45731914945604
"1297",0.442928246597318
"1298",1.91621275663279
"1299",2.96897139777235
"1300",1.94118706492263
"1301",0.0393932983193316
"1302",1.93492784017843
"1303",2.70200180931375
"1304",1.64587314460503
"1305",1.2880629674679
"1306",0.533217881503346
"1307",1.43164464197864
"1308",1.50848230078152
"1309",3.22124882428772
"1310",0.970778552867048
"1311",0.21753111763356
"1312",0.519883998334141
"1313",-0.42717484841794
"1314",-0.760400160050193
"1315",0.869843438971488
"1316",0.687941119968463
"1317",-1.33754368761014
"1318",0.559666949151893
"1319",-0.338819972064756
"1320",-1.82030571945639
"1321",2.44144657735682
"1322",-0.673148323955887
"1323",-0.72970188857776
"1324",1.96324293188443
"1325",0.201735819518538
"1326",-0.731276371544954
"1327",-1.22820241980855
"1328",0.106152892404156
"1329",-0.692599034734257
"1330",-0.00965377709565952
"1331",1.86922664961372
"1332",0.96144233557238
"1333",-0.958956247230119
"1334",2.39328260698302
"1335",1.22999382901538
"1336",0.232343760648207
"1337",1.97155476575524
"1338",-1.52276423240827
"1339",-1.80460163860304
"1340",-1.34256507677803
"1341",1.86034752223716
"1342",-3.45625108732624
"1343",-1.00522609277596
"1344",0.420462793264
"1345",-0.229853473575423
"1346",-0.789363751020543
"1347",1.00947399053136
"1348",-0.192402486233578
"1349",-0.876752457319056
"1350",1.99093084137262
"1351",0.859697175117759
"1352",2.19110812434485
"1353",-0.119136046702468
"1354",1.46260812769705
"1355",0.206928688625639
"1356",0.854366678540862
"1357",-0.349120427573922
"1358",-0.123306108830656
"1359",2.29061047963499
"1360",-1.11253493703578
"1361",-0.270541034843192
"1362",-0.701982604769739
"1363",0.398448915350952
"1364",1.14324661268905
"1365",-3.61295809179834
"1366",-3.78359420335381
"1367",1.89376032722187
"1368",1.21879673390393
"1369",-3.50158614560359
"1370",-0.577619689604922
"1371",1.15326463575316
"1372",-1.99326074615202
"1373",-0.273755677840805
"1374",-0.416480266679465
"1375",0.596078156351463
"1376",1.94224192968175
"1377",0.408750775443064
"1378",2.65968557854979
"1379",-1.10437375579564
"1380",-0.572842900076471
"1381",-0.602629473277612
"1382",-0.00388468247834619
"1383",-0.633068360941618
"1384",0.799060156040879
"1385",-0.769722063233497
"1386",-0.55141274218093
"1387",2.83933309397625
"1388",1.08822415899301
"1389",-1.78147585197669
"1390",0.195098354120644
"1391",-0.178631023817916
"1392",-0.910384147266357
"1393",-0.697541627118167
"1394",0.371667155453773
"1395",-0.299428957088463
"1396",1.41560526725702
"1397",-3.07718813667492
"1398",-0.723525476013887
"1399",0.209769378618267
"1400",2.38122828353231
"1401",-1.33425103926807
"1402",0.872156222303945
"1403",2.01371886879933
"1404",1.48239399084226
"1405",-0.703716743817645
"1406",-2.6027269984047
"1407",-0.77571146351097
"1408",1.58876089879099
"1409",0.363105099533493
"1410",1.67808982163283
"1411",-0.995827542894562
"1412",1.4955860427268
"1413",-0.143929210920789
"1414",0.365693400227174
"1415",-0.968400664421568
"1416",0.0175284249969955
"1417",1.85105172571476
"1418",-1.6775808076637
"1419",-1.49325015883944
"1420",-0.594470503035253
"1421",-2.61896196175726
"1422",0.478877953635341
"1423",0.307633969846469
"1424",0.791596910722414
"1425",0.549225839467127
"1426",-0.232200813563229
"1427",-1.52538624571991
"1428",-0.481395681661407
"1429",-0.919261289816756
"1430",1.5827638483298
"1431",-0.916066395285429
"1432",0.382726898432532
"1433",-0.648123316182775
"1434",-1.19522794256626
"1435",0.518883759275912
"1436",-3.32842858880458
"1437",1.57811229844018
"1438",1.84844464189373
"1439",-1.95964236015698
"1440",-0.342709510744143
"1441",-0.320299438113451
"1442",-0.043996479285255
"1443",0.348817490072434
"1444",1.25333542618
"1445",-0.65747522407271
"1446",2.0967376000001
"1447",-0.142294312292428
"1448",1.64118693233528
"1449",1.41720737727822
"1450",0.650346027281523
"1451",0.296964799254335
"1452",1.70363354297907
"1453",-0.25126940994295
"1454",1.19453443754837
"1455",0.724934982481167
"1456",-0.231032741985228
"1457",-0.544637585100204
"1458",0.134318134963209
"1459",4.1056803345266
"1460",-0.0391564448184582
"1461",-1.01443545996668
"1462",-1.41271560189546
"1463",0.0669261109101966
"1464",1.53241346052099
"1465",-0.163717636235008
"1466",-1.54416664039575
"1467",1.61929702127295
"1468",-0.0913322822063565
"1469",0.543505260282335
"1470",-2.13814642238723
"1471",-0.35572193017301
"1472",1.97375574993757
"1473",2.68309966434509
"1474",0.844013651688071
"1475",1.10236158766246
"1476",-2.07855235291169
"1477",1.57306187228561
"1478",2.68979912506634
"1479",-0.513648515447155
"1480",-0.360752899232154
"1481",-1.36929992501477
"1482",-0.633626476936705
"1483",-0.371720020879614
"1484",0.954820764865555
"1485",-0.342244063514377
"1486",-0.254184402032451
"1487",0.848568580248142
"1488",1.63768705972124
"1489",-0.816704945418261
"1490",0.117593016062687
"1491",-0.593384797034527
"1492",-0.772773231173296
"1493",-1.25999233133013
"1494",1.44721095483078
"1495",0.382661604086045
"1496",-0.318923573147691
"1497",0.0957849190175449
"1498",-0.112318051702158
"1499",0.112165384801835
"1500",0.119133085483579
"1501",0.667067449712032
"1502",-1.46817237139838
"1503",2.44495656169184
"1504",-0.240106951738432
"1505",-0.809581105705658
"1506",1.51018302490783
"1507",0.494725883496162
"1508",-0.331619275072158
"1509",1.25106313916732
"1510",0.719179475541592
"1511",-2.17443788357009
"1512",1.11775693566173
"1513",-0.296351045855692
"1514",-0.465199852359067
"1515",2.63023335507628
"1516",1.09251779044219
"1517",-0.0339900812649509
"1518",-1.87335907950529
"1519",1.24029301712336
"1520",1.36589220676349
"1521",-2.86596978815641
"1522",-0.788946098109731
"1523",2.71525467129482
"1524",1.78399556021511
"1525",0.448775320603402
"1526",-0.764629140843065
"1527",-2.3889436211117
"1528",0.336440534773704
"1529",-0.820318764776718
"1530",-0.415041664634846
"1531",-2.27533489827235
"1532",0.526505011013949
"1533",0.334961648101421
"1534",-0.600652584236058
"1535",2.21849828686123
"1536",-0.0184462529166124
"1537",1.16595352783285
"1538",-0.639115664178536
"1539",1.03035032572007
"1540",-1.20460835460573
"1541",-2.147388930368
"1542",2.03820920500026
"1543",0.940304269737468
"1544",-0.904709670342477
"1545",0.571977522502207
"1546",0.332982253075646
"1547",0.306541694567532
"1548",0.0792514510158117
"1549",1.54428059755357
"1550",-1.35310539544533
"1551",1.03847687604871
"1552",-1.18046306655208
"1553",-0.956675319870554
"1554",-0.730577283043951
"1555",-1.99405114886012
"1556",1.11035673817033
"1557",-3.65145794768297
"1558",0.296279956489697
"1559",-1.08294834882198
"1560",-0.956025422175455
"1561",0.957427309555097
"1562",-0.193450465609287
"1563",-0.72426586113623
"1564",1.44162042981071
"1565",1.15118307709352
"1566",-1.38204757605801
"1567",-0.0562925787853012
"1568",-0.243107522621378
"1569",-3.08008735153332
"1570",1.7910459534069
"1571",0.761311602075661
"1572",-1.91459260282356
"1573",0.627823953193216
"1574",-0.0683286910196862
"1575",1.20641620690332
"1576",-1.36163173707091
"1577",-0.62343130285526
"1578",3.11170607852689
"1579",-0.561128414379834
"1580",2.55560862943456
"1581",-0.315583911892299
"1582",2.43740996761334
"1583",0.751815545507455
"1584",-1.55213734294982
"1585",1.5243830777034
"1586",-0.0724672354370545
"1587",-0.34059817758553
"1588",1.65275168833378
"1589",-3.08531164176652
"1590",1.3297401704271
"1591",0.750925788948931
"1592",0.382853587148074
"1593",0.0239205620859547
"1594",0.645896530471051
"1595",-0.367062996249553
"1596",0.33181635520284
"1597",-1.59752846257087
"1598",-1.98088499551696
"1599",-0.180448440124326
"1600",2.47628312405429
"1601",0.663272687643888
"1602",0.68427171607519
"1603",-1.59222747633654
"1604",0.0807011513723169
"1605",0.366400995678757
"1606",-0.950336722456801
"1607",1.06052005214175
"1608",1.69769309624883
"1609",-0.229654909305716
"1610",-2.41511161231747
"1611",1.12744410442581
"1612",-1.37258668316873
"1613",0.188690227483387
"1614",-0.0433211323473613
"1615",-2.22562810731016
"1616",0.364893984683304
"1617",-1.54938425555503
"1618",1.28506826975534
"1619",2.05600909278983
"1620",-2.67463623626598
"1621",-2.43796808552101
"1622",2.81489920604399
"1623",1.36466549721921
"1624",1.26428589060006
"1625",-0.310236052231349
"1626",-0.776745130855904
"1627",-1.53107129357363
"1628",-0.0912344309304621
"1629",-0.438480223680697
"1630",1.12992485091142
"1631",-0.635384169475366
"1632",2.4872763991234
"1633",-0.123279420865935
"1634",-0.460857589837475
"1635",0.693408927994995
"1636",0.296434748679837
"1637",-1.33052665778328
"1638",1.32115920277932
"1639",-0.543400717730681
"1640",0.140031736998427
"1641",0.605896110288782
"1642",2.02188606249016
"1643",0.173614809840578
"1644",-2.03551163706203
"1645",-0.180986422400175
"1646",-0.39024073751172
"1647",0.0933314626435459
"1648",-1.11849190887411
"1649",-1.56349339816908
"1650",-0.160495574340712
"1651",-2.22102881502097
"1652",-2.37031755710696
"1653",0.161861641836384
"1654",-0.652837309815217
"1655",-0.67364000025769
"1656",0.0337938806279601
"1657",0.761456296539267
"1658",-0.362333507507942
"1659",0.322041926559648
"1660",-1.21187527691564
"1661",0.435404682101435
"1662",-3.26762570940502
"1663",-0.548581031237309
"1664",-1.46196569497274
"1665",-0.504739742177336
"1666",0.910242509531789
"1667",2.47641253603247
"1668",-0.677832793460775
"1669",2.59727277609196
"1670",2.17667940609237
"1671",1.14510849476846
"1672",0.246430717127613
"1673",-0.256337111157347
"1674",-0.468446155749806
"1675",0.874400907393041
"1676",1.71810772726816
"1677",0.338490297105546
"1678",0.463739018039304
"1679",-1.91314016116325
"1680",-0.704910709984108
"1681",1.07412397126297
"1682",3.08835725090014
"1683",2.0393825994251
"1684",-1.84338635074256
"1685",2.20507026680242
"1686",-0.0791756459072515
"1687",1.14416260143612
"1688",1.47384607571341
"1689",-1.79406884046589
"1690",2.04871907453084
"1691",2.17077428135446
"1692",-1.03371627426806
"1693",0.251691149262697
"1694",-2.67872818308707
"1695",0.890163293873044
"1696",-1.36435465441543
"1697",-0.115584474297015
"1698",1.5425793504503
"1699",-1.69913636160101
"1700",1.08385226992041
"1701",-0.0351927317491764
"1702",0.689070937006294
"1703",0.318961589811597
"1704",2.86896095729116
"1705",1.49866955806819
"1706",-0.460241739641774
"1707",-0.823122485114944
"1708",-0.474778640463422
"1709",1.53512125819262
"1710",0.107494174548655
"1711",0.0263811999840392
"1712",-0.526497454526705
"1713",-1.01234780010797
"1714",0.885515370921351
"1715",0.685340487877554
"1716",0.343791050664629
"1717",2.86913121319435
"1718",0.262801998530706
"1719",0.936329520637429
"1720",1.89325999887314
"1721",-2.53131972643519
"1722",-0.245056450009676
"1723",-0.629690070897584
"1724",-0.464801630368092
"1725",0.0303470822034673
"1726",-0.834518294142284
"1727",2.72698843970027
"1728",-3.27000612748169
"1729",-0.814169801498587
"1730",0.831294933855842
"1731",-1.93849337876239
"1732",2.0120142111806
"1733",-0.765141593465083
"1734",1.0703459758194
"1735",-0.974187093049984
"1736",-1.41876467742218
"1737",1.1701082614692
"1738",3.41570143249638
"1739",0.377915068897876
"1740",0.839211429773206
"1741",-0.845093262567748
"1742",1.53169504159603
"1743",-0.40824471060209
"1744",1.26839807587193
"1745",-0.967525092149865
"1746",1.12765269789207
"1747",1.02796266458626
"1748",-1.77006884579772
"1749",-1.39466121989385
"1750",-0.675544460594246
"1751",0.633817333424673
"1752",0.265255123909699
"1753",-0.274163880438172
"1754",-1.74901260183786
"1755",1.06553197501691
"1756",-3.96268819567659
"1757",0.0988989915157536
"1758",1.0547879193752
"1759",1.4393328347215
"1760",0.205555717407527
"1761",-0.156412091146983
"1762",-0.389792020438801
"1763",-3.68597190387819
"1764",1.95041527260424
"1765",0.584613958177325
"1766",-0.907118432235678
"1767",2.20034409883356
"1768",2.79424667337184
"1769",-1.18791676432804
"1770",1.32010848075397
"1771",-1.23350530113987
"1772",0.90370842706364
"1773",-0.650184546165851
"1774",-4.33735773240869
"1775",0.396957331166177
"1776",0.872101817686222
"1777",1.78567566933364
"1778",0.564203834063344
"1779",-0.608452264065925
"1780",1.11132717934519
"1781",1.04415447106956
"1782",-1.1727797487469
"1783",0.902219394166964
"1784",1.48665310606362
"1785",1.92674793420249
"1786",-1.74451439971754
"1787",-0.367065941470903
"1788",-1.20161995775992
"1789",1.12667645078141
"1790",0.831351631707318
"1791",1.05128442640591
"1792",-1.22251361671312
"1793",1.02946903313495
"1794",-0.558250504747989
"1795",0.584125922310473
"1796",1.34675923490695
"1797",-1.07049940642097
"1798",-1.59694028737281
"1799",0.387235225962946
"1800",-0.0297355123746513
"1801",-0.893622727112106
"1802",0.723294911978109
"1803",0.986282052776786
"1804",-2.9382538525944
"1805",-1.01457918539367
"1806",0.435659743065943
"1807",-0.419589344229277
"1808",0.294082923440444
"1809",-0.471811911566254
"1810",2.23434234982531
"1811",0.705619637061607
"1812",-1.35670094650404
"1813",-0.820873289268113
"1814",4.2249273163103
"1815",0.854114500892453
"1816",-1.17845123041722
"1817",-0.67843232801584
"1818",-0.551342675377924
"1819",-0.665650286401314
"1820",-0.405244549786316
"1821",2.43408719920573
"1822",-0.0681677331574695
"1823",2.23485959193549
"1824",0.88040584813134
"1825",-1.51436667956546
"1826",1.29778879654824
"1827",0.475305363385685
"1828",1.70227076600852
"1829",1.9316371906246
"1830",0.186009246279502
"1831",-1.09705490517678
"1832",-0.975731893714983
"1833",-0.865515227334913
"1834",1.29281326087509
"1835",-1.92981455745378
"1836",-0.0187986746180315
"1837",-1.0376269402114
"1838",-0.00324572658724828
"1839",-0.690204353578408
"1840",0.437574526354274
"1841",0.496502799258231
"1842",-1.39048926923108
"1843",0.971005704587333
"1844",-0.0875794373825859
"1845",0.00385547931476251
"1846",2.31093395590633
"1847",2.32984216409625
"1848",-0.864302782445784
"1849",-0.841841284644375
"1850",-0.850544524216025
"1851",0.692412700147764
"1852",-0.328308222074415
"1853",-1.02568727442989
"1854",-0.464018440825414
"1855",-0.468192141570391
"1856",-1.94804866070037
"1857",-0.923470008647431
"1858",0.0305204218623844
"1859",-3.11552254218822
"1860",0.521154300445791
"1861",-0.41136703541584
"1862",-0.392213949977399
"1863",-1.28649084501727
"1864",1.26288213178493
"1865",-1.71845940177939
"1866",0.310422032373512
"1867",0.062264557159801
"1868",-2.02861268366446
"1869",-0.110166015399535
"1870",0.667576477467643
"1871",0.581886560026884
"1872",-0.941610129304886
"1873",0.1866353398705
"1874",-0.756024648901892
"1875",-1.48114516163747
"1876",0.778324621599684
"1877",-0.963629867838568
"1878",1.34927764760396
"1879",-0.781397607942051
"1880",2.67010140240118
"1881",1.95370572199705
"1882",0.0409551350502552
"1883",-1.29610772628174
"1884",-2.48849669739377
"1885",1.05602147782165
"1886",-0.806964070685018
"1887",-0.872334301880614
"1888",-0.244432697143405
"1889",-1.2816121229363
"1890",1.56825595445856
"1891",-2.10722567102537
"1892",-0.373440440005309
"1893",0.562509861600716
"1894",0.102285039922092
"1895",-0.221652017582971
"1896",0.0783231583942105
"1897",2.22456028802594
"1898",1.52482588525353
"1899",2.55384039204351
"1900",-2.12770394482108
"1901",-0.435734780731727
"1902",1.96291843129078
"1903",-2.65768936726125
"1904",-0.942617692973414
"1905",-1.82402473536715
"1906",-1.68244119427976
"1907",-1.19753909874157
"1908",0.459139908069679
"1909",-0.835847280168556
"1910",0.545168007808984
"1911",0.625043135735016
"1912",-0.81480274769751
"1913",1.45413055284486
"1914",0.705598697819547
"1915",2.19206616372822
"1916",1.27233420227526
"1917",-0.795691836566526
"1918",2.26718630181422
"1919",3.23224538470653
"1920",-1.46504156444032
"1921",-1.31717550779488
"1922",-0.414352106678392
"1923",0.0115711893140239
"1924",-0.240891589392104
"1925",0.679214007791014
"1926",-1.9174539936638
"1927",0.834140212353564
"1928",-1.00199933923915
"1929",1.72270205191243
"1930",1.28325190633048
"1931",0.742049017140355
"1932",-1.75904227056741
"1933",-1.2780633136337
"1934",-3.59826232639412
"1935",1.92238881150056
"1936",1.32758291781511
"1937",-0.592873506946552
"1938",0.803288161434365
"1939",0.727234361812114
"1940",1.3229387772985
"1941",2.82101601006568
"1942",0.240496574845018
"1943",-0.336033771275484
"1944",-2.76338561267482
"1945",-0.126867028097554
"1946",3.56222645743207
"1947",1.48874873521661
"1948",1.36261311348475
"1949",0.862612302980838
"1950",-0.709418260657585
"1951",0.180051546041472
"1952",1.30869038658187
"1953",-0.181490941241328
"1954",-0.00134113809925091
"1955",-2.49778421430317
"1956",0.178053297422423
"1957",-1.11830099140862
"1958",0.731753894904079
"1959",-1.20633200816026
"1960",-0.179747861582147
"1961",-0.294223842711211
"1962",1.76850556904603
"1963",0.245416281945037
"1964",0.169126916610963
"1965",-1.10518889936074
"1966",-0.760859266619015
"1967",1.98580844607788
"1968",0.536818487108869
"1969",-0.774860710071646
"1970",1.12761345623592
"1971",-1.05383218420354
"1972",-2.09711506258077
"1973",-2.0808397622208
"1974",0.537844422666226
"1975",-0.0442752317042988
"1976",0.48757157272498
"1977",1.09649174476408
"1978",0.361876470430944
"1979",-0.287084426438298
"1980",-2.30450369765963
"1981",-0.678261494114199
"1982",-0.00701050170593469
"1983",-1.1156904426026
"1984",-1.21813828077208
"1985",-1.4679528632125
"1986",1.52486552694652
"1987",-0.780899199292605
"1988",-4.45720012885135
"1989",-1.44293483020999
"1990",-0.208188689124308
"1991",1.11591264435898
"1992",-0.837847449380894
"1993",0.535027686744313
"1994",-1.14463773626536
"1995",0.544839565329902
"1996",1.04206703474643
"1997",-0.848519546744499
"1998",-1.07905653471466
"1999",-1.55032033571306
"2000",-1.5338082320426
"2001",-1.15713837106689
"2002",1.432845732436
"2003",1.49228579477521
"2004",-1.40815770409668
"2005",0.0687295676931114
"2006",1.27036034615971
"2007",-0.226843144594544
"2008",0.6517784912581
"2009",-0.0468126086046561
"2010",-1.07603868386737
"2011",-1.88943147684626
"2012",-0.76032155651358
"2013",-0.331354573860044
"2014",0.420303101438694
"2015",-1.14032531617649
"2016",2.32498552584225
"2017",2.7191821150506
"2018",1.34851343184548
"2019",1.01955830093067
"2020",-0.735430365025851
"2021",-2.69697466666987
"2022",-1.48884628021203
"2023",-0.876101259821289
"2024",-1.08013731303519
"2025",-1.40460610010103
"2026",1.13133030990415
"2027",1.11091911328332
"2028",-0.009917244200138
"2029",-1.27830938146254
"2030",1.04422878404826
"2031",-1.99247082271205
"2032",-0.752044329400267
"2033",0.592766799864155
"2034",-2.64762963880708
"2035",-0.180654681422489
"2036",0.496027138380817
"2037",-0.0899486752677412
"2038",-0.343692587625428
"2039",-0.447622619301358
"2040",2.3681845446814
"2041",1.11502708312334
"2042",-2.35286624463684
"2043",-1.36530031397641
"2044",1.25309963800812
"2045",-0.350020408973145
"2046",-1.34764608597412
"2047",0.0419474136135929
"2048",-2.05496799866819
"2049",2.23105962178064
"2050",-0.496396025628929
"2051",0.565044508515402
"2052",-0.990375751713679
"2053",2.2294995225508
"2054",-2.12073852355537
"2055",1.7874893383124
"2056",1.73807784480079
"2057",-1.57969677245356
"2058",-0.593614484328327
"2059",3.2028986323557
"2060",0.16737690592076
"2061",0.316157913911629
"2062",0.229462313430436
"2063",1.24066064210455
"2064",-3.12671949074514
"2065",0.517477195645011
"2066",-0.470087374598359
"2067",2.5418918366856
"2068",1.10130056302357
"2069",-0.169193694938929
"2070",-1.31336527017304
"2071",-0.53038877220015
"2072",-0.578030757508906
"2073",-0.438424891900566
"2074",-0.166621489314328
"2075",0.363275113747354
"2076",-1.30934515753341
"2077",0.882219816759753
"2078",-0.633617175838708
"2079",-1.90988650017299
"2080",-0.533667672357114
"2081",0.116835610812154
"2082",0.150169462599668
"2083",0.601270581243738
"2084",-1.70825068759129
"2085",-3.16930228399381
"2086",1.2685330034114
"2087",1.54301809467167
"2088",1.50646252107497
"2089",0.415058713467897
"2090",-1.55934435058243
"2091",-4.26630682620603
"2092",0.565446872091836
"2093",-1.00919276062962
"2094",-0.020619291896932
"2095",-1.47918409244725
"2096",0.771713740020982
"2097",-0.901677215525521
"2098",-0.915527941998071
"2099",-0.772008441549478
"2100",0.19810234741876
"2101",0.383178940703351
"2102",1.84734001159964
"2103",0.507192050146742
"2104",0.118940765518957
"2105",-0.833367815977911
"2106",0.23920399650862
"2107",-1.34267312374061
"2108",1.37406475716318
"2109",-1.60275976438199
"2110",2.97555285014967
"2111",-1.12407683272957
"2112",0.871760062419344
"2113",-1.69307829507131
"2114",0.370289640521942
"2115",2.87763471873663
"2116",1.65449389851352
"2117",-0.100582140756511
"2118",-0.890793173222702
"2119",-0.546869828861245
"2120",0.46060714841255
"2121",-1.56367866962034
"2122",0.221870136035301
"2123",0.845729286580997
"2124",1.52950600702157
"2125",0.461289777352566
"2126",-1.13465010399841
"2127",-0.104741395180095
"2128",1.78326199908097
"2129",-0.738309413649388
"2130",1.90555870088591
"2131",1.87085573044414
"2132",-0.604550812441679
"2133",0.365038212215234
"2134",0.379070049686188
"2135",-0.562722666199139
"2136",1.70304668190467
"2137",-0.289178003413004
"2138",1.28690959550171
"2139",0.534424147436472
"2140",0.639706635187004
"2141",-0.758666807421682
"2142",-3.0116096471404
"2143",3.42896629500287
"2144",1.45517989947459
"2145",-2.09912619907886
"2146",-1.33358335311056
"2147",-4.02987524183698
"2148",0.536960923008425
"2149",0.6507080684842
"2150",0.353277544660963
"2151",1.56100178948401
"2152",-4.93795149574906
"2153",-0.499578862713207
"2154",0.225952445241586
"2155",-0.534463236032564
"2156",-4.11263895873503
"2157",-1.17964929787565
"2158",1.05022515595454
"2159",0.240969527449162
"2160",0.00638152986286267
"2161",-0.493433166351538
"2162",-0.767662986633582
"2163",1.54870317036534
"2164",0.576356243681151
"2165",0.594463742288524
"2166",0.195549487134135
"2167",1.51736021731779
"2168",1.6606019254596
"2169",2.98630245721437
"2170",-2.25013948932882
"2171",0.713748183916011
"2172",-0.73655846318017
"2173",-0.702335328746713
"2174",-0.34264267047684
"2175",1.28720572679432
"2176",0.00614872909480446
"2177",-1.22243410080455
"2178",1.25424126813359
"2179",-2.05966339040567
"2180",0.537180555819703
"2181",1.00845473538605
"2182",1.4073686989984
"2183",0.818756883971741
"2184",-0.240502308396973
"2185",-0.247072234923325
"2186",0.576172538110894
"2187",-1.11264040200759
"2188",-1.29614277397392
"2189",-0.878277985200711
"2190",0.645178067562942
"2191",-1.26131192908784
"2192",1.23383159088168
"2193",-0.67953902648935
"2194",-0.0128190346923153
"2195",1.33217024956345
"2196",0.478205700049735
"2197",-1.33641600748988
"2198",1.26670525315316
"2199",1.86581756896664
"2200",-0.641713490103237
"2201",0.799536672751201
"2202",-0.30607607078489
"2203",0.421799140946073
"2204",0.19347414012239
"2205",-0.540092287548664
"2206",1.0372973881912
"2207",-0.813451752134367
"2208",0.478578833622762
"2209",0.29017717004236
"2210",-1.89542176688299
"2211",1.47675324340583
"2212",1.58488100329095
"2213",1.69814033620565
"2214",-0.828436577606019
"2215",0.245918356787086
"2216",-2.88986514844219
"2217",-0.14578539187927
"2218",1.17154694700332
"2219",0.811676810459308
"2220",-1.74240404450778
"2221",1.00855474350572
"2222",0.653555475372403
"2223",0.922190889488918
"2224",1.70169964605743
"2225",-0.901488206997251
"2226",-1.52593923954859
"2227",-0.386032597587501
"2228",-0.768835649097211
"2229",0.286819515032334
"2230",0.645274517842518
"2231",-1.21694551330194
"2232",1.01629594759533
"2233",-0.118319292278953
"2234",0.176575940078617
"2235",-0.391835540780594
"2236",-0.423142532340064
"2237",-0.268487882722578
"2238",0.461104204241134
"2239",1.224654217948
"2240",0.0900535942300872
"2241",2.0355201702914
"2242",-1.98907741393367
"2243",-0.700474934516371
"2244",-1.56238868619487
"2245",-0.571865359359233
"2246",-1.64586836246943
"2247",-1.71748577422122
"2248",0.0499752467470145
"2249",1.52058956592852
"2250",-1.37004770907443
"2251",1.80674827003744
"2252",-0.717209892374289
"2253",1.62796347949908
"2254",-0.328091966880867
"2255",-1.45492692456134
"2256",0.0766902226404764
"2257",0.222884001493776
"2258",-0.955518942513637
"2259",-3.45668896408266
"2260",-0.136079393407302
"2261",0.507753365213997
"2262",-2.32615144049609
"2263",0.809513560104658
"2264",-1.16092778290705
"2265",-1.46369295573804
"2266",-1.54035957927271
"2267",1.97033430597417
"2268",-2.34493409718985
"2269",0.905104212528935
"2270",0.475200445740804
"2271",-0.848402651907994
"2272",6.95248268517466
"2273",0.62724101165587
"2274",2.43102299577806
"2275",1.41039389744578
"2276",-0.0221438839218533
"2277",-1.20197114761655
"2278",-0.443818807965497
"2279",-1.17757160145276
"2280",1.30734170840817
"2281",1.73047868783151
"2282",-0.360586011391828
"2283",1.61900457219202
"2284",-0.372023173045908
"2285",-0.86484454519172
"2286",-3.11698856918013
"2287",-0.484435278283416
"2288",3.31609870221806
"2289",1.05137202256523
"2290",-1.83290601026856
"2291",-0.046768144584305
"2292",1.72833756676323
"2293",2.4200885103868
"2294",-0.355258102585208
"2295",0.772338382758729
"2296",-0.256214125970826
"2297",-0.671916147835396
"2298",-0.0684078459949504
"2299",-0.878313665989169
"2300",-0.0460244022408647
"2301",-0.437461984287135
"2302",2.32104053464467
"2303",0.482893664609176
"2304",-2.12748550990811
"2305",-1.82409710168804
"2306",0.939611483352621
"2307",1.10152120978178
"2308",-2.43112447947127
"2309",1.68234605761524
"2310",-1.53159412402196
"2311",0.0536177219382142
"2312",-1.33730730567561
"2313",0.45459505335672
"2314",0.298497688144333
"2315",-2.34219770431895
"2316",-1.55540858422834
"2317",0.6855031941792
"2318",-0.201729535591317
"2319",-1.66089046686912
"2320",0.323672599841629
"2321",-0.358914221754989
"2322",1.17704877160177
"2323",-2.87003712388068
"2324",0.263139074503667
"2325",-0.282283617356798
"2326",-1.15301339359396
"2327",-1.97840755639243
"2328",1.74275433682458
"2329",-3.8976891110552
"2330",0.442966617138219
"2331",1.59215064011729
"2332",-0.578565767256659
"2333",0.573271855229661
"2334",1.45056123709368
"2335",-0.762207888442534
"2336",-0.0420758110662952
"2337",0.436633544748147
"2338",-1.26794255780416
"2339",-3.26449868718993
"2340",-0.00734560747898909
"2341",2.03588733789975
"2342",0.262199519696244
"2343",0.0487578806381307
"2344",-1.34797698197104
"2345",1.05158927784123
"2346",1.46366792448527
"2347",-0.973608676024646
"2348",0.711538340652021
"2349",-0.87687763786392
"2350",3.68348667986939
"2351",0.853925210369681
"2352",-2.14722869308186
"2353",0.0684120356560309
"2354",0.480508597996059
"2355",-0.668995625677544
"2356",2.03253445664854
"2357",0.0729571317222795
"2358",1.61262736567242
"2359",-0.0548834770286919
"2360",1.89936871759939
"2361",1.10264551090168
"2362",-0.147767734587671
"2363",-0.438636345452115
"2364",-0.897090203863435
"2365",1.58542781666001
"2366",0.0890506235228201
"2367",0.624087213039232
"2368",-1.16556862852631
"2369",-2.07679368850267
"2370",-0.213219576659131
"2371",-1.00081510793262
"2372",-0.549919331525588
"2373",-1.40418590360004
"2374",0.113551651219659
"2375",0.831364162047522
"2376",0.298205271927682
"2377",-0.913305489224712
"2378",-0.353332160941876
"2379",0.356092677245785
"2380",0.350655768225624
"2381",1.22566844810603
"2382",1.80986975397329
"2383",0.786449915014797
"2384",0.784736719605367
"2385",0.144660425216721
"2386",0.490286726358068
"2387",-1.07818462801121
"2388",0.460924345156553
"2389",0.338076544020901
"2390",-1.29415602455688
"2391",0.693973329684858
"2392",-0.919840344852431
"2393",0.966722747374366
"2394",-0.168047934267788
"2395",-0.5562458353639
"2396",-2.55769482256683
"2397",-0.624506988611071
"2398",0.355066518417505
"2399",-0.384296812755391
"2400",-2.95566790226417
"2401",-1.32199754332461
"2402",0.357757881197385
"2403",0.718578006164152
"2404",-0.558354468888712
"2405",0.813681527181426
"2406",0.324012399459084
"2407",1.04121393777632
"2408",-0.182140203133128
"2409",-0.0250435723020801
"2410",3.40062840946
"2411",-2.90274493469566
"2412",-1.28129651395744
"2413",-0.0899214204623843
"2414",-0.744615077200748
"2415",0.854177353381257
"2416",1.92543588343408
"2417",1.32767696311968
"2418",0.609215631729796
"2419",0.286158996455342
"2420",-0.798812976718847
"2421",0.715922281109962
"2422",0.364828706600669
"2423",-0.898303918913936
"2424",0.619682739573681
"2425",0.17274914635117
"2426",-1.52432473911611
"2427",-1.07472915093898
"2428",2.5047315071501
"2429",1.08854000171335
"2430",-0.104831228121478
"2431",-0.261907089329453
"2432",-1.3220769130877
"2433",0.201260836502463
"2434",-1.64033503162018
"2435",0.0184067868410766
"2436",-0.381440836530501
"2437",-0.824768449303544
"2438",-0.423596294914001
"2439",-0.095299858226539
"2440",-2.21739329703769
"2441",0.722080777237961
"2442",-0.7547675672043
"2443",0.559497987133475
"2444",-0.0248663127474008
"2445",-0.00180889064015973
"2446",-0.511181363272123
"2447",-0.00828457648085346
"2448",1.48756785111484
"2449",1.27483634736046
"2450",0.880154575022286
"2451",0.0900701802297183
"2452",0.0482282527132668
"2453",-0.0525967088032704
"2454",-0.0388353018350423
"2455",-1.55425446791767
"2456",1.4920657922936
"2457",0.304428470327667
"2458",0.542067009162575
"2459",-0.152425553619507
"2460",0.660948819844335
"2461",0.347051479055044
"2462",-0.148313542878221
"2463",1.79722187178809
"2464",1.90203577638728
"2465",0.255834090816899
"2466",-0.371841421516229
"2467",-0.0383550689752384
"2468",-2.45486712554334
"2469",-1.41812889801095
"2470",2.53591363242101
"2471",2.02778051858358
"2472",-2.37388634598614
"2473",-1.55683613221346
"2474",-1.09605193147619
"2475",-0.0326082157733928
"2476",-1.20886708540981
"2477",-0.295226664072955
"2478",-2.49786378103254
"2479",1.94102205229725
"2480",-0.29278625288978
"2481",-0.753250236185321
"2482",-0.418014440287508
"2483",-0.138718672381383
"2484",-1.45403952677785
"2485",0.811703334459468
"2486",-0.47074474334235
"2487",1.4395900617504
"2488",-1.04264478686211
"2489",-1.97601963552193
"2490",2.22044882959007
"2491",-0.742330329011588
"2492",-1.92814836595036
"2493",-0.676052110001819
"2494",-0.721971363272275
"2495",2.25009119935366
"2496",-2.46268954838694
"2497",-1.63445097417982
"2498",-0.500269159265005
"2499",1.8533511391674
"2500",1.24599820327208
"2501",0.031595571127533
"2502",0.587555433679752
"2503",0.299526593051185
"2504",1.13625118458411
"2505",-0.681469700649903
"2506",-0.944400512896149
"2507",-1.30209249134931
"2508",-0.99355146227816
"2509",-0.0790799792048795
"2510",0.675123170705837
"2511",1.64875326915939
"2512",-1.1321002549804
"2513",-1.04619631493014
"2514",1.59190494092356
"2515",0.157259122226474
"2516",-0.855367985750687
"2517",-0.346918377648453
"2518",-0.279990221375479
"2519",-0.278549995615863
"2520",-0.865021851821698
"2521",-0.511272773659018
"2522",0.188815251416292
"2523",0.644122885343238
"2524",-0.636699266677033
"2525",1.9344685501912
"2526",1.96569641842913
"2527",0.150767269407181
"2528",2.19556581578624
"2529",-2.40497586182769
"2530",-0.755920446190704
"2531",-1.5063350452382
"2532",-1.00761907410478
"2533",1.13324470760958
"2534",-0.312832637345938
"2535",-1.25038545177735
"2536",-0.2388577481051
"2537",1.05172336912638
"2538",-2.05234076452466
"2539",-1.11937391983874
"2540",-2.3065335000357
"2541",1.73896380922993
"2542",0.609974667590197
"2543",-1.2373864902801
"2544",-2.78745902998566
"2545",-1.17647542710345
"2546",0.728047559714222
"2547",2.25891298031997
"2548",-0.299070936442633
"2549",-0.419794886336915
"2550",1.62336526065023
"2551",-0.576448554126274
"2552",-4.67058903999407
"2553",-0.790137111831539
"2554",-0.892252780977754
"2555",0.139475836254805
"2556",1.29915168771473
"2557",0.57952312800274
"2558",-2.46681491971778
"2559",1.61259997733295
"2560",-1.37017522700716
"2561",1.03668578971597
"2562",-0.466616822453328
"2563",-2.03284537612429
"2564",-0.514418295811201
"2565",3.0243390377987
"2566",-0.772032924204517
"2567",-0.0690971728613798
"2568",-0.615704485319056
"2569",-0.909472780438192
"2570",0.19769335181984
"2571",-1.56162413341333
"2572",-0.234551085641699
"2573",-1.20471869353594
"2574",-0.299110877406443
"2575",-0.264079101309035
"2576",-0.894262734938512
"2577",-0.88263830037941
"2578",-1.04797666153137
"2579",1.07997352907585
"2580",0.163866247201631
"2581",0.751385699841239
"2582",-1.23422976922571
"2583",-1.43305355494089
"2584",-0.434871503819748
"2585",-0.524586885030492
"2586",-1.63812237427757
"2587",1.41652701063103
"2588",0.897702197964636
"2589",-0.727268230336035
"2590",1.8367176564847
"2591",-0.688003801147422
"2592",-1.56680442781878
"2593",0.559446444432273
"2594",-1.22835289046516
"2595",-0.335521222454216
"2596",2.41776664574501
"2597",0.880196962907412
"2598",-0.822199236250983
"2599",-0.734693444288524
"2600",-0.222421205431814
"2601",-0.648774700847481
"2602",-1.77673643986862
"2603",1.47151734521161
"2604",-0.206964768849335
"2605",1.40061339299063
"2606",0.699342109387596
"2607",-0.22259440490988
"2608",0.688915360228317
"2609",-1.14992646766348
"2610",3.52492411675619
"2611",-0.169525288385822
"2612",-0.330306196639921
"2613",-0.685694694582676
"2614",-1.28669032976208
"2615",-1.70613096872154
"2616",-0.874346745202201
"2617",2.09077950152805
"2618",1.59231888711163
"2619",-0.744355871079356
"2620",-0.441537178036015
"2621",-1.83917036036908
"2622",-0.824763208670952
"2623",0.889609954532535
"2624",0.795329290511357
"2625",-0.928920354997293
"2626",-0.821707972517938
"2627",-1.58084005329227
"2628",1.9371990227998
"2629",-0.750339492092124
"2630",0.231666180996452
"2631",-0.499113984828641
"2632",-2.46294851211808
"2633",-1.57757782507754
"2634",0.0680958761835507
"2635",-0.376856225003651
"2636",2.58819854759153
"2637",0.915609375369975
"2638",1.88792285946983
"2639",0.310528238158821
"2640",0.595878611168122
"2641",-0.203134785001418
"2642",1.07256218555167
"2643",0.898380971336659
"2644",1.18133080796293
"2645",0.395267231557479
"2646",-2.84426544046292
"2647",4.06704015631135
"2648",0.13389887616511
"2649",-1.03369840938282
"2650",0.0974922691948589
"2651",-0.158149989248465
"2652",0.48266826477198
"2653",0.133928472987349
"2654",-0.724283624488245
"2655",-1.47482382024448
"2656",-1.38061245808435
"2657",-1.2878670421347
"2658",1.5902110533001
"2659",-0.80301597533873
"2660",1.42175549875392
"2661",1.57171709403078
"2662",1.33491286053779
"2663",0.972762778029944
"2664",-1.69248408858036
"2665",-0.51198113446878
"2666",0.701771316543795
"2667",0.353553498962658
"2668",0.364773956158552
"2669",1.08487060072473
"2670",0.255568083821916
"2671",1.62242978101932
"2672",0.704912120996563
"2673",1.07878533075664
"2674",-0.179011510964091
"2675",-2.69096308112012
"2676",2.31389063208067
"2677",-0.328642522978856
"2678",0.893886862406655
"2679",2.19795275467971
"2680",-1.71631715890674
"2681",-1.40883542533308
"2682",0.820479692330784
"2683",0.492882781311851
"2684",-0.985106487316962
"2685",-1.46431262804064
"2686",-0.94113804987522
"2687",-0.994756643387266
"2688",0.55962822529416
"2689",-2.09384749459034
"2690",-1.19197912190149
"2691",-2.34325891403698
"2692",0.721321083257067
"2693",-2.83214762873532
"2694",0.32105357926397
"2695",1.17639854917939
"2696",-0.295658177498097
"2697",0.788711508495038
"2698",0.973692022130484
"2699",0.992150794538314
"2700",-0.79214494080988
"2701",-0.80974758522711
"2702",0.407478494683442
"2703",0.575126390200265
"2704",-2.29384409937952
"2705",-2.68174627336156
"2706",0.701093910749405
"2707",-0.292155718462084
"2708",-0.560404918015436
"2709",2.6593163554666
"2710",2.03904434552487
"2711",1.64757028430627
"2712",-1.76105091373447
"2713",1.40334688222851
"2714",2.36375739059463
"2715",-1.24942564376403
"2716",0.194186401383173
"2717",2.29665231279007
"2718",1.15462640098875
"2719",-0.940986005434628
"2720",0.0743070107947425
"2721",-0.38426432047572
"2722",-1.99083406209485
"2723",1.13335725646559
"2724",-2.32685391455654
"2725",-0.567164608775408
"2726",-0.235158864744122
"2727",-2.47767849810697
"2728",-1.18932130643806
"2729",-2.10279529567811
"2730",0.384303771883602
"2731",-0.730623569380533
"2732",0.220184249840281
"2733",1.30455970419007
"2734",-3.1354631342986
"2735",-0.958671814390763
"2736",0.63191077885081
"2737",-1.50112484826054
"2738",-3.47589463323886
"2739",-2.68553342151553
"2740",0.000315518110479383
"2741",0.538625330624836
"2742",1.38780952412092
"2743",1.06813508690765
"2744",-0.749810120343921
"2745",2.00816160621504
"2746",0.963842399274826
"2747",-2.73536864726012
"2748",1.07474391395546
"2749",-1.97860022997751
