,District,Trump16 margin,Obama12 margin,HouseDem18 margin,HouseDemAvg margin,RPT,Incumbent party,Safety,HouseDem20 margin,House20 winner,Govtrack ideology,last_name
0,AK-AL,0.15199999999999997,-0.14099999999999993,-0.06584776337333342,-0.165514411047347,0.51,R,Vulnerable,-0.264,Rep,0.5767421099262751,b'Young'
1,AL-1,0.294,-0.244,-0.26379849721989806,-0.6426561460835089,0.88,R,Safe,-0.36000000000000004,Rep,0.7680965801088768,b'Byrne'
2,AL-2,0.31900000000000006,-0.265,-0.22962471820713432,-0.2331902505960815,0.94,R,Safe,-0.307,Rep,0.5549870798941844,b'Roby'
3,AL-3,0.33,-0.255,-0.2749886811978527,-0.3051662731442618,0.76,R,Safe,-0.37800000000000006,Rep,0.5924983760943531,b'Rogers'
4,AL-4,0.6300000000000001,-0.508,-0.5964566673449684,-0.7620510545677303,0.91,R,Safe,-0.658,Rep,0.59934162787387,b'Aderholt'
5,AL-5,0.3340000000000001,-0.29,-0.22125421505104093,-0.4002457106674523,0.39,R,Safe,-1.0,Rep,0.7295286843978798,b'Brooks'
6,AL-6,0.44699999999999995,-0.49599999999999994,-0.38407203012273294,-0.4562007554773515,0.84,R,Safe,-0.971,Rep,0.6476621407399803,b'Palmer'
7,AL-7,-0.412,0.45300000000000007,0.9780453894260506,0.8658834419150097,0.7,D,Safe,1.0,Dem,0.32155966694813914,b'Sewell'
8,AR-1,0.348,-0.24700000000000003,-0.40174911177917466,-0.41104586851518043,1.0,R,Safe,-1.0,Rep,0.6961703414396823,b'Crawford'
9,AR-2,0.10699999999999996,-0.11800000000000005,-0.06308861998082488,-0.1295131813454215,0.95,R,Vulnerable,-0.11200000000000004,Rep,0.6817686195002942,b'Hill'
10,AR-3,0.314,-0.33899999999999997,-0.3211250805370296,-0.6618739664742745,1.0,R,Safe,-0.327,Rep,0.6084235867093667,b'Womack'
11,AR-4,0.32900000000000007,-0.259,-0.35509439119145697,-0.3610770701206085,0.92,R,Safe,-0.41999999999999993,Rep,0.7399911539866878,b'Westerman'
12,AZ-1,0.011000000000000015,-0.025,0.07687653379132553,0.0596318760092914,1.0,D,Vulnerable,0.03400000000000003,Dem,0.4603826293056333,b'O\xe2\x80\x99Halleran'
13,AZ-2,-0.04899999999999999,-0.015,0.09490671489570024,-0.009150258539327563,0.93,D,Safe,0.1130000000000001,Dem,0.34568512659031786,b'Kirkpatrick'
14,AZ-3,-0.299,0.245,0.27730923918492856,0.39717013249770855,1.0,D,Safe,0.2919999999999999,Dem,0.07033587246696786,b'Grijalva'
15,AZ-4,0.402,-0.36200000000000004,-0.37656252820040786,-0.4079917016363113,1.0,R,Safe,-0.3940000000000001,Rep,0.8885124052948375,b'Gosar'
16,AZ-5,0.21100000000000002,-0.292,-0.18849180998134568,-0.3014424554624995,1.0,R,Safe,-0.1740000000000001,Rep,0.7736189679114288,b'Biggs'
17,AZ-6,0.1,-0.20700000000000002,-0.10386070723846741,-0.23088259380940962,0.98,R,Vulnerable,-0.04200000000000004,Rep,0.6483990021325805,b'Schweikert'
18,AZ-7,-0.49199999999999994,0.452,0.8560631877077796,0.7317256936187841,1.0,D,Safe,0.534,Dem,0.25387143048795896,b'Gallego'
19,AZ-8,0.21100000000000002,-0.24800000000000005,-0.10927773416070719,-0.45894769351130954,1.0,R,Safe,-0.18999999999999995,Rep,0.8788894695077509,b'Lesko'
20,AZ-9,-0.16300000000000003,0.045,0.22171142031426444,0.15239841764008236,1.0,D,Safe,0.23199999999999998,Dem,0.3985182503109427,b'Stanton'
21,CA-1,0.19700000000000004,-0.16300000000000003,-0.0977317777457698,-0.16176172738497274,0.88,R,Safe,-0.13400000000000006,Rep,0.7812099067394264,b'LaMalfa'
22,CA-2,-0.457,0.42,0.540159096741083,0.5004630969803145,0.76,D,Safe,0.56,Dem,0.19371306059054025,b'Huffman'
23,CA-3,-0.126,0.11199999999999996,0.16145893882050028,0.1218974119082679,0.86,D,Safe,0.12200000000000005,Dem,0.2934674253089739,b'Garamendi'
24,CA-4,0.14700000000000002,-0.184,-0.08262929541411523,-0.28992519512057197,0.96,R,Safe,-0.10200000000000004,Rep,0.6379560112496783,b'McClintock'
25,CA-5,-0.44900000000000007,0.42200000000000004,0.788681240374227,0.6431973039598115,0.8,D,Safe,0.5619999999999999,Dem,0.2827403862045901,b'Thompson'
26,CA-6,-0.44800000000000006,0.408,0.8042577213911132,0.5669073147912085,0.7,D,Safe,0.504,Dem,0.2466327950787308,b'Matsui'
27,CA-7,-0.11399999999999999,0.04,0.10089944854181393,0.04147077505898297,0.7,D,Safe,0.194,Dem,0.3709990428731049,b'Bera'
28,CA-8,0.15100000000000002,-0.13899999999999998,-0.5996721023509091,-0.44291085883417425,0.75,R,Safe,-0.08400000000000007,Rep,0.6469322188746308,b'Cook'
29,CA-9,-0.18600000000000003,0.17699999999999996,0.1298296996956611,0.10887743500495671,0.7,D,Safe,0.21599999999999997,Dem,0.2197285769786645,b'McNerney'
30,CA-10,-0.03,0.03600000000000001,0.045020279405137476,-0.04153275235393894,0.78,D,Safe,0.13799999999999996,Dem,0.4131507702447179,b'Harder'
31,CA-11,-0.488,0.37599999999999995,0.48264842335888214,0.41595452773957553,0.9,D,Safe,0.482,Dem,0.11832181760779895,b'DeSaulnier'
32,CA-12,-0.775,0.716,0.7364636423272948,0.7279871223084768,0.94,D,Safe,0.777,Dem,0.34297034632493784,b'Pelosi'
33,CA-13,-0.806,0.785,0.8838103765809583,0.8342231345638843,0.77,D,Safe,0.8140000000000001,Dem,0.0,b'Lee'
34,CA-14,-0.5870000000000001,0.506,0.5844511155335186,0.5784910437016737,0.81,D,Safe,0.6040000000000001,Dem,0.20173130240827694,b'Speier'
35,CA-15,-0.457,0.382,0.4593508766895285,0.46296919789113916,0.86,D,Safe,0.442,Dem,0.2522690500654395,b'Swalwell'
36,CA-16,-0.21600000000000003,0.19200000000000003,0.1509034058716135,0.11859912569951057,0.95,D,Safe,0.18599999999999994,Dem,0.37210666672042536,b'Costa'
37,CA-17,-0.534,0.4640000000000001,0.5069472727100519,0.5263668410484477,0.89,D,Safe,0.43999999999999995,Dem,0.11033923204408788,b'Khanna'
38,CA-18,-0.532,0.393,0.4898325160965862,0.41940096417399786,0.78,D,Safe,0.639,Dem,0.2222916754880184,b'Eshoo'
39,CA-19,-0.514,0.447,0.47509747230152644,0.5227037066823791,0.88,D,Safe,0.446,Dem,0.2617729499129602,b'Lofgren'
40,CA-20,-0.47200000000000003,0.447,0.8137346547286252,0.6154867174393359,0.91,D,Safe,0.556,Dem,0.31993971703072205,b'Panetta'
41,CA-21,-0.155,0.11100000000000002,0.007586959583157249,-0.1097606831294153,0.83,D,Vulnerable,-0.035999999999999976,Rep,0.3108924469366463,b'Cox'
42,CA-22,0.095,-0.15,-0.054443090399723004,-0.27100996936069155,1.0,R,Safe,-0.08400000000000007,Rep,0.4576209361961085,b'Nunes'
43,CA-23,0.22,-0.254,-0.27433980969413047,-0.47171176364966844,0.66,R,Safe,-0.16599999999999993,Rep,0.4153197890084873,b'McCarthy'
44,CA-24,-0.20200000000000004,0.11,0.17111004074801972,0.09499493431431079,0.81,D,Safe,0.21400000000000002,Dem,0.2653938296007986,b'Carbajal'
45,CA-26,-0.21899999999999997,0.10299999999999997,0.23884021203792877,0.13172458939238943,0.87,D,Safe,0.22799999999999998,Dem,0.2064226694557148,b'Brownley'
46,CA-27,-0.376,0.276,0.7920803805839042,0.40179595349400754,0.92,D,Safe,0.40800000000000003,Dem,0.1411789861190456,b'Chu'
47,CA-28,-0.498,0.43799999999999994,0.5674400439956324,0.6054683644964634,0.9,D,Safe,0.46599999999999997,Dem,0.19939300238689595,b'Schiff'
48,CA-29,-0.6090000000000001,0.565,0.6121971401236004,0.6480756988192372,0.85,D,Safe,0.574,Dem,0.2164945814410205,b'C\xc3\xa1rdenas'
49,CA-30,-0.43399999999999994,0.33199999999999996,0.4680317096627113,0.4591517435316519,0.89,D,Safe,0.3980000000000001,Dem,0.31814325412875605,b'Sherman'
50,CA-31,-0.21100000000000002,0.166,0.17488999706658848,-0.05522628742999457,0.76,D,Safe,0.242,Dem,0.2598902130332805,b'Aguilar'
51,CA-32,-0.3889999999999999,0.327,0.3755669910919557,0.3746062910537661,0.88,D,Safe,0.32199999999999995,Dem,0.14546682880683826,b'Napolitano'
52,CA-33,-0.413,0.23800000000000004,0.40056894457584863,0.36316717003348276,0.85,D,Safe,0.36199999999999993,Dem,0.21585105042666075,b'Lieu'
53,CA-34,-0.7289999999999999,0.6890000000000001,0.7254157176148408,0.7337288522771915,0.89,D,Safe,0.529,Dem,0.2017886005484572,b'Gomez'
54,CA-35,-0.40800000000000003,0.36800000000000005,0.3879643547348078,0.5072201386266546,0.78,D,Safe,0.3980000000000001,Dem,0.2502764968628035,b'Torres'
55,CA-36,-0.08800000000000004,0.03200000000000003,0.1803311949296646,0.14096963002739343,0.65,D,Safe,0.23199999999999998,Dem,0.31858399559133244,b'Ruiz'
56,CA-37,-0.7610000000000001,0.722,0.781510969717994,0.7516875783740509,0.82,D,Safe,0.7280000000000001,Dem,0.13399680641821468,b'Bass'
57,CA-38,-0.396,0.31900000000000006,0.3770355566987871,0.32982504420724434,0.81,D,Safe,0.743,Dem,0.2168445327530021,b'S\xc3\xa1nchez'
58,CA-39,-0.08600000000000002,-0.03699999999999996,0.03114246316383862,-0.16003186012637494,1.0,D,Safe,-0.010000000000000009,Rep,0.3092265257691083,b'Cisneros'
59,CA-40,-0.6940000000000001,0.65,0.7734769327042627,0.671963626518051,0.79,D,Safe,0.462,Dem,0.14104178145760796,b'Roybal-Allard'
60,CA-41,-0.27899999999999997,0.252,0.30199461046147924,0.22830927738251577,0.61,D,Safe,0.288,Dem,0.16551933460697166,b'Takano'
61,CA-42,0.12,-0.15100000000000002,-0.12998637531690327,-0.20826581534119532,0.67,R,Safe,-0.11599999999999994,Rep,0.6478229577716129,b'Calvert'
62,CA-43,-0.617,0.58,0.5533837961357191,0.5516585917873742,0.89,D,Safe,0.442,Dem,0.18542667314966987,b'Waters'
63,CA-44,-0.7070000000000001,0.7110000000000001,0.6833842675932515,0.6685222199712881,0.8,D,Safe,0.687,Dem,0.1763253679478022,b'Barrag\xc3\xa1n'
64,CA-45,-0.053999999999999986,-0.11799999999999997,0.041020148121943434,-0.15043749610638787,1.0,D,Safe,0.07200000000000006,Dem,0.24252676229425224,b'Porter'
65,CA-46,-0.384,0.25199999999999995,0.3829200356959355,0.38864754374941834,1.0,D,Safe,0.37599999999999995,Dem,0.3250948599459033,b'Correa'
66,CA-47,-0.316,0.225,0.2971099730360665,0.20562816098520542,0.93,D,Safe,0.258,Dem,0.11369034343650555,b'Lowenthal'
67,CA-48,-0.016999999999999956,-0.11700000000000003,0.07103984582813094,-0.14934148162891459,1.0,D,Vulnerable,-0.018000000000000016,Rep,0.33668216835670944,b'Rouda'
68,CA-49,-0.075,-0.065,0.1283801647290106,-0.06086989615687516,1.0,D,Safe,0.068,Dem,0.2777405895161412,b'Levin'
69,CA-50,0.15,-0.22799999999999998,-0.03430968784881255,-0.2702830722601115,0.99,R,Vulnerable,-0.0759999999999999,Rep,0.6387913723374805,b'Hunter'
70,CA-51,-0.49,0.4050000000000001,0.42401903424604104,0.42111148593086445,0.91,D,Safe,0.40199999999999997,Dem,0.24885378994371415,b'Vargas'
71,CA-52,-0.225,0.06399999999999999,0.2769427750019425,0.11570567315816187,1.0,D,Safe,0.23400000000000004,Dem,0.3501412675368973,b'Peters'
72,CA-53,-0.349,0.25,0.3814817295028907,0.2817569849692054,0.91,D,Safe,0.595,Dem,0.25778868670797683,b'Davis'
73,CO-1,-0.45799999999999996,0.402,0.5076617625976149,0.4230649269063993,0.86,D,Safe,0.512,Dem,0.2261630532629887,b'DeGette'
74,CO-2,-0.21300000000000005,0.184,0.266380099114288,0.19237340163592076,0.9,D,Safe,0.25699999999999995,Dem,0.287575495223786,b'Neguse'
75,CO-3,0.12,-0.06,-0.07965459904993921,-0.14197193772405056,0.93,R,Vulnerable,-0.05900000000000005,Rep,0.7267840206464988,b'Tipton'
76,CO-4,0.231,-0.19299999999999998,-0.21238588459394664,-0.27564555916418937,0.98,R,Safe,-0.236,Rep,0.6676754553451201,b'Buck'
77,CO-5,0.24,-0.20800000000000005,-0.1771420601589983,-0.33429696419675226,0.97,R,Safe,-0.20300000000000007,Rep,0.7796843868394067,b'Lamborn'
78,CO-6,-0.08900000000000005,0.05100000000000002,0.1123186002992933,-0.020047192766018435,0.96,D,Safe,0.17100000000000004,Dem,0.32689058434860296,b'Crow'
79,CO-7,-0.12,0.14800000000000005,0.25007248392040377,0.15815973552739634,0.95,D,Safe,0.21499999999999997,Dem,0.3308259127707708,b'Perlmutter'
80,CT-1,-0.231,0.27699999999999997,0.25582184285401616,0.27797299745792725,0.95,D,Safe,0.29100000000000004,Dem,0.28240123520045324,b'Larson'
81,CT-2,-0.029000000000000057,0.13299999999999998,0.2254335659981876,0.25326434152888744,0.96,D,Safe,0.21199999999999997,Dem,0.3325850605575571,b'Courtney'
82,CT-3,-0.155,0.26300000000000007,0.24994171825680234,0.31850071078773745,0.96,D,Safe,0.187,Dem,0.21931160983661205,b'DeLauro'
83,CT-4,-0.23,0.11100000000000002,0.2378043250341918,0.1720322041403688,0.98,D,Safe,0.262,Dem,0.28327397908100194,b'Himes'
84,CT-5,-0.041000000000000016,0.08200000000000003,0.10254411373511074,0.0807335840857917,0.96,D,Safe,0.11600000000000005,Dem,0.1594059664522689,b'Hayes'
85,DE-AL,-0.115,0.18600000000000003,0.28907939909904545,0.24233817719387646,0.98,D,Safe,0.17400000000000004,Dem,0.2909633940720097,b'Blunt Rochester'
86,FL-1,0.39299999999999996,-0.384,-0.34117274836532374,-0.40391996493452786,0.93,R,Safe,-0.3059999999999999,Rep,0.8953404418487549,b'Gaetz'
87,FL-2,0.35600000000000004,-0.30599999999999994,-0.3488266659448926,-0.1914805897067649,0.92,R,Safe,-0.9259999999999999,Rep,0.7022259653094648,b'Dunn'
88,FL-3,0.16,-0.14700000000000002,-0.15248486114011278,-0.24245028442121663,0.9,R,Safe,-0.14200000000000007,Rep,0.7872949694299718,b'Yoho'
89,FL-4,0.28,-0.33299999999999996,-0.32805069652641716,-0.5743302800128899,0.97,R,Safe,-0.22199999999999998,Rep,0.7785953597623896,b'Rutherford'
90,FL-5,-0.254,0.28200000000000003,0.3356243942499057,0.3437014822850157,0.87,D,Safe,0.30199999999999994,Dem,0.26539677679222645,b'Lawson'
91,FL-6,0.17,-0.056000000000000015,-0.12627941339551446,-0.17324612844800774,0.93,R,Safe,-0.21300000000000002,Rep,0.7025162939336933,b'Waltz'
92,FL-7,-0.07299999999999997,0.0,0.1538383984776212,-0.07633807555326706,0.9,D,Safe,0.12099999999999989,Dem,0.4064118288500619,b'Murphy'
93,FL-8,0.20699999999999996,-0.145,-0.20996208328363752,-0.2615508465629319,0.92,R,Safe,-0.22799999999999998,Rep,0.8171694320040108,b'Posey'
94,FL-9,-0.12899999999999998,0.12200000000000003,0.1604349979948574,0.16728151391953067,0.97,D,Safe,0.12100000000000005,Dem,0.2113216969662516,b'Soto'
95,FL-10,-0.26899999999999996,0.22300000000000003,1.0,0.25791824356370785,0.96,D,Safe,0.273,Dem,0.21178226927490715,b'Demings'
96,FL-11,0.32299999999999995,-0.19400000000000006,-0.30296648217988276,-0.31585021021685317,0.93,R,Safe,-0.3340000000000001,Rep,0.6536320003331082,b'Webster'
97,FL-12,0.18600000000000003,-0.075,-0.18428391427155305,-0.46537583658081844,0.96,R,Safe,-0.258,Rep,0.7537110157015621,b'Bilirakis'
98,FL-13,-0.03200000000000003,0.10700000000000003,0.15289411334159908,-0.17815882159294633,0.9,D,Safe,0.061000000000000054,Dem,0.3166974628517845,b'Crist'
99,FL-14,-0.18200000000000002,0.16399999999999998,1.0,0.6601831854966074,0.91,D,Safe,0.20599999999999996,Dem,0.20430739056741354,b'Castor'
100,FL-15,0.1,-0.056000000000000015,-0.06040653937211948,-0.3538141485298978,0.94,R,Vulnerable,-0.10799999999999993,Rep,0.7692620495816866,b'Spano'
101,FL-16,0.10700000000000003,-0.08600000000000002,-0.09122907837080674,-0.14760072222974935,0.98,R,Safe,-0.11000000000000004,Rep,0.541036900487224,b'Buchanan'
102,FL-17,0.272,-0.16300000000000003,-0.245175834084761,-0.23954947458494102,0.94,R,Safe,-0.3049999999999999,Rep,0.8240149193464387,b'Steube'
103,FL-18,0.09199999999999996,-0.03699999999999996,-0.08602373531877361,0.0025397621280646016,0.94,R,Safe,-0.14799999999999996,Rep,0.6901355528455565,b'Mast'
104,FL-19,0.221,-0.21799999999999997,-0.24545724911441757,-0.2857264797924385,0.94,R,Safe,-0.22499999999999998,Rep,0.5933281053754351,b'Rooney'
105,FL-20,-0.621,0.654,0.9991864868062951,0.779125379964044,0.9,D,Safe,0.5740000000000001,Dem,0.15270886258347868,b'Hastings'
106,FL-21,-0.195,0.215,1.0,0.7624697054818239,0.93,D,Safe,0.19899999999999995,Dem,0.275667117169464,b'Frankel'
107,FL-22,-0.15799999999999997,0.13299999999999998,0.24047392696257425,0.168095818115202,0.91,D,Safe,0.172,Dem,0.29335731546651583,b'Deutch'
108,FL-23,-0.261,0.23399999999999999,0.22493722093166313,0.22920287221935787,0.91,D,Safe,0.16299999999999992,Dem,0.17735179669254433,b'Wasserman Schultz'
109,FL-24,-0.675,0.718,1.0,0.6900255472991902,0.98,D,Safe,0.536,Dem,0.10558503959426983,b'Wilson'
110,FL-25,0.018000000000000044,-0.09600000000000002,-0.20906763137494422,-0.5531839283516216,0.0,R,Safe,-1.0,Rep,0.611850827330129,b'Diaz-Balart'
111,FL-26,-0.16299999999999998,0.115,0.017492302792228465,-0.005844187930333533,0.95,D,Vulnerable,-0.03400000000000003,Rep,0.2278335203478496,b'Mucarsel-Powell'
112,FL-27,-0.196,0.06700000000000003,0.05999936655238214,-0.3175436560089921,0.93,D,Safe,-0.027000000000000024,Rep,0.24847041202921,b'Shalala'
113,GA-1,0.155,-0.12899999999999998,-0.15477315972762412,-0.40712293310505526,0.94,R,Safe,-0.16799999999999993,Rep,0.7130058670838739,b'Carter'
114,GA-2,-0.11700000000000003,0.17800000000000005,0.1929868962477801,0.21908769850366977,0.85,D,Safe,0.182,Dem,0.3747662292520845,b'Bishop'
115,GA-3,0.315,-0.32900000000000007,-0.31052606431267615,-0.6693645059491067,0.92,R,Safe,-0.30000000000000004,Rep,0.6549992225075774,b'Ferguson'
116,GA-4,-0.5309999999999999,0.4799999999999999,0.5769383918091195,0.6405029365004338,0.9,D,Safe,0.602,Dem,0.16585932877788642,b'Johnson'
117,GA-5,-0.731,0.6729999999999999,1.0,0.8441610330936391,0.89,D,Safe,0.702,Dem,0.18021407054192776,b'Lewis'
118,GA-6,0.015,-0.23299999999999998,0.010296075252197057,-0.20857020759580597,0.92,D,Safe,0.09200000000000008,Dem,0.3101496752061887,b'McBath'
119,GA-7,0.06300000000000004,-0.21900000000000006,-0.001494075402669326,-0.19002655823134446,0.97,R,Vulnerable,0.028000000000000025,Dem,0.4635723090293358,b'Woodall'
120,GA-8,0.289,-0.24100000000000002,-1.0,-0.8379858508890164,0.91,R,Safe,-0.2929999999999999,Rep,0.6641190224293307,b'Scott'
121,GA-9,0.585,-0.576,-0.5901094584408277,-0.6818220258641554,0.97,R,Safe,-0.572,Rep,0.5747270781549315,b'Collins'
122,GA-10,0.255,-0.262,-0.2578393644606669,-0.6459521178043197,0.93,R,Safe,-0.246,Rep,0.8693609468694953,b'Hice'
123,GA-11,0.25,-0.35400000000000004,-0.23582791266825526,-0.4887523004297503,0.96,R,Safe,-0.20799999999999996,Rep,0.7137914766500048,b'Loudermilk'
124,GA-12,0.16199999999999995,-0.11799999999999997,-0.18956121825708916,-0.11066051504457168,0.9,R,Safe,-0.16799999999999993,Rep,0.7815336398412744,b'Allen'
125,GA-13,-0.444,0.392,0.5236875975105575,0.7396443453707202,0.93,D,Safe,0.548,Dem,0.2957175112687464,b'Scott'
126,GA-14,0.529,-0.47900000000000004,-0.5300360432519022,-0.7473649362117127,0.99,R,Safe,-0.495,Rep,0.5854302146874838,b'Graves'
127,HI-1,-0.326,0.40700000000000003,0.5002524279223282,0.2736049915407384,0.97,D,Safe,0.43999999999999995,Dem,0.2780426463980139,b'Case'
128,HI-2,-0.31799999999999995,0.447,0.547246379737635,0.573385316385379,0.99,D,Safe,0.321,Dem,0.3056989252429375,b'Gabbard'
129,IA-1,0.035,0.13700000000000004,0.0505620162576329,0.02611600966486441,0.9,D,Vulnerable,-0.025999999999999968,Rep,0.4235221217437263,b'Finkenauer'
130,IA-2,0.041000000000000016,0.13099999999999995,0.12194763400689645,0.09465273360806971,0.89,D,Vulnerable,0.0,Tie,0.42569383524662985,b'Loebsack'
131,IA-3,0.035,0.041999999999999954,0.02163984493643345,-0.07681360240154644,0.95,D,Vulnerable,0.013999999999999957,Dem,0.5043047673654196,b'Axne'
132,IA-4,0.27399999999999997,-0.08100000000000002,-0.033295983093429904,-0.14344328806339035,0.86,R,Safe,-0.242,Rep,0.7660430870648315,b'King'
133,ID-1,0.38300000000000006,-0.327,-0.31992039838892433,-0.3263980375705354,1.0,R,Safe,-0.39000000000000007,Rep,0.5883985723747671,b'Fulcher'
134,ID-2,0.247,-0.30999999999999994,-0.21340435766332333,-0.2697514310352078,0.98,R,Safe,-0.31,Rep,0.5161185201299008,b'Simpson'
135,IL-1,-0.54,0.5870000000000001,0.5374488628652306,0.48939415414343757,0.77,D,Safe,0.44800000000000006,Dem,0.1874554758161163,b'Rush'
136,IL-2,-0.589,0.622,0.6211110686033217,0.5470327283809208,0.78,D,Safe,0.55,Dem,0.2313614986689691,b'Kelly'
137,IL-3,-0.15300000000000005,0.13299999999999998,0.47090008686541235,0.5328517241952611,0.82,D,Safe,0.09000000000000002,Dem,0.39382066476062394,b'Lipinski'
138,IL-4,-0.689,0.638,0.731703060972748,0.738677120232708,0.79,D,Safe,0.6659999999999999,Dem,0.08313261317624505,b'Garc\xc3\xada'
139,IL-5,-0.466,0.342,0.5332908204391487,0.4086261641660613,0.8,D,Safe,0.40099999999999997,Dem,0.2503395864336995,b'Quigley'
140,IL-6,-0.07,-0.08199999999999996,0.0715051070547732,-0.160027322934579,0.94,D,Safe,0.063,Dem,0.24535310917192524,b'Casten'
141,IL-7,-0.782,0.754,0.7523015882684989,0.7188864734840615,0.73,D,Safe,0.672,Dem,0.22010753437910002,b'Davis'
142,IL-8,-0.21700000000000003,0.165,0.31949453905350356,0.17379086371524124,0.88,D,Safe,0.721,Dem,0.3120232145429415,b'Krishnamoorthi'
143,IL-9,-0.45199999999999996,0.317,0.46972457473885054,0.36183141208297886,0.76,D,Safe,0.37599999999999995,Dem,0.028262309216223438,b'Schakowsky'
144,IL-10,-0.294,0.16399999999999998,0.3118023665068883,0.08763192548893145,0.83,D,Safe,0.248,Dem,0.3377523169242551,b'Schneider'
145,IL-11,-0.235,0.17199999999999996,0.27681601650824317,0.18159697417806492,0.94,D,Safe,0.262,Dem,0.2996319635867131,b'Foster'
146,IL-12,0.14799999999999996,0.016000000000000014,-0.06178716310511079,-0.0561192000811654,0.89,R,Safe,-0.20999999999999996,Rep,0.7298076355186468,b'Bost'
147,IL-13,0.055,-0.0029999999999999714,-0.007594628405681592,-0.0943539540106288,0.9,R,Vulnerable,-0.09400000000000008,Rep,0.7195606314489862,b'Davis'
148,IL-14,0.039000000000000055,-0.1,0.05003718047503525,-0.1551733747739769,0.98,D,Safe,0.0020000000000000018,Dem,0.2874877361772599,b'Underwood'
149,IL-15,0.462,-0.298,-0.41855106256455193,-0.5722839982974167,0.89,R,Safe,-0.43400000000000005,Rep,0.6094690696409003,b'Shimkus'
150,IL-16,0.17200000000000004,-0.07699999999999996,-0.18248802892602367,-0.4576727092442343,0.94,R,Safe,-0.30100000000000005,Rep,0.6420655460152763,b'Kinzinger'
151,IL-17,0.006999999999999958,0.17,0.2418682997532089,0.15570673410518354,0.91,D,Vulnerable,0.03799999999999998,Dem,0.3426124094224254,b'Bustos'
152,IL-18,0.273,-0.23300000000000004,-0.3446689063288186,-0.4412546777317361,0.94,R,Safe,-0.41,Rep,0.7117680565312023,b'LaHood'
153,IN-1,-0.126,0.23800000000000004,0.3018527052432823,0.4281685885721857,0.96,D,Safe,0.16100000000000003,Dem,0.3311291208556533,b'Visclosky'
154,IN-2,0.23199999999999996,-0.14,-0.09671063266474145,-0.13524519820010017,0.95,R,Safe,-0.22799999999999998,Rep,0.7477125588814096,b'Walorski'
155,IN-3,0.3499999999999999,-0.26799999999999996,-0.2945258759372315,-0.37430930772180565,0.91,R,Safe,-0.39599999999999996,Rep,0.7958462654835964,b'Banks'
156,IN-4,0.34099999999999997,-0.24,-0.28120050907870664,-0.30944781452741493,0.99,R,Safe,-0.33199999999999996,Rep,0.6837458187131722,b'Baird'
157,IN-5,0.11800000000000005,-0.16799999999999998,-0.13523363926135884,-0.23961585527500895,1.0,R,Vulnerable,-0.041000000000000036,Rep,0.6589767457464144,b'Brooks'
158,IN-6,0.403,-0.231,-0.30956537567328296,-0.33475076204300175,0.96,R,Safe,-0.4100000000000001,Rep,0.6130998561479657,b'Pence'
159,IN-7,-0.22799999999999998,0.276,0.2972573025239435,0.23170063424607462,0.94,D,Safe,0.248,Dem,0.16891255846214087,b'Carson'
160,IN-8,0.33699999999999997,-0.18799999999999997,-0.2885943403563782,-0.23912490902238634,0.95,R,Safe,-0.37200000000000005,Rep,0.6936464198400666,b'Bucshon'
161,IN-9,0.26899999999999996,-0.165,-0.12964648567775033,-0.16511557422555745,0.98,R,Safe,-0.27699999999999997,Rep,0.5329527405521386,b'Hollingsworth'
162,KS-1,0.45,-0.42499999999999993,-0.3629095441595442,-0.5953064698625758,0.97,R,Safe,-0.43,Rep,0.8329486548334967,b'Marshall'
163,KS-2,0.184,-0.13199999999999995,-0.008459015897962885,-0.16485312420596437,0.99,R,Safe,-0.13799999999999996,Rep,0.8167146851839765,b'Watkins'
164,KS-3,-0.012000000000000028,-0.095,0.09662552112622963,-0.2238354208704615,1.0,D,Safe,0.09600000000000009,Dem,0.3607239083533225,b'Davids'
165,KS-4,0.272,-0.255,-0.18872814625885376,-0.2847370975175342,1.0,R,Safe,-0.28,Rep,0.6795226922923339,b'Estes'
166,KY-1,0.4850000000000001,-0.343,-0.37176116263505116,-0.41980634601262495,0.87,R,Safe,-0.5,Rep,0.6763517291161255,b'Comer'
167,KY-2,0.39899999999999997,-0.282,-0.3564708853873205,-0.5164986059003869,0.91,R,Safe,-0.44699999999999995,Rep,0.6648427822499109,b'Guthrie'
168,KY-3,-0.15,0.12900000000000006,0.25499425947187143,0.2746140643988446,0.89,D,Safe,0.254,Dem,0.250523025722173,b'Yarmuth'
169,KY-4,0.35900000000000004,-0.28600000000000003,-0.2765725024063068,-0.3322650076104411,0.95,R,Safe,-0.3440000000000001,Rep,0.5216458791234009,b'Massie'
170,KY-5,0.621,-0.518,-0.5788677029772907,-0.6754698945897387,0.88,R,Safe,-0.6799999999999999,Rep,0.5114675156170513,b'Rogers'
171,KY-6,0.15300000000000005,-0.13599999999999995,-0.03213068857135315,-0.12317535180147138,0.94,R,Safe,-0.16900000000000004,Rep,0.7407912614719729,b'Barr'
172,LA-1,0.42,-0.44000000000000006,-0.5505690151304186,-0.5740128157286599,0.94,R,Safe,-0.469,Rep,0.5834192318378166,b'Scalise'
173,LA-2,-0.5239999999999999,0.53,0.8059174004796976,0.6517343460991363,0.86,D,Safe,0.486,Dem,0.2422603683218625,b'Richmond'
174,LA-3,0.38099999999999995,-0.33799999999999997,-0.3787340969248973,-0.3928252456621546,0.89,R,Safe,-0.49899999999999994,Rep,0.6553905442113622,b'Higgins'
175,LA-4,0.24,-0.19299999999999998,-0.30613449407945703,-0.48630905169434097,0.85,R,Safe,-0.349,Rep,0.7356553569458106,b'Johnson'
176,LA-5,0.294,-0.23299999999999998,-0.3657131629946505,-0.5356422191009489,0.84,R,Safe,-0.16700000000000004,Rep,0.7741494336572406,b'Abraham'
177,LA-6,0.33799999999999997,-0.34099999999999997,-0.4895782515594451,-0.4819176212811894,0.94,R,Safe,-0.45499999999999996,Rep,0.5907604724385381,b'Graves'
178,MA-1,-0.20700000000000002,0.29700000000000004,0.9764407561088059,0.79180217763243,0.74,D,Safe,0.961,Dem,0.31333861320883066,b'Neal'
179,MA-2,-0.19400000000000006,0.195,0.3437817004980817,0.6445261293918662,0.89,D,Safe,0.33000000000000007,Dem,0.11198688444898396,b'McGovern'
180,MA-3,-0.22800000000000004,0.155,0.28543606597285615,0.29994714815237755,0.72,D,Safe,0.971,Dem,0.2608579850854849,b'Trahan'
181,MA-4,-0.24200000000000002,0.15900000000000006,0.9771847212926666,0.5824666760933594,0.85,D,Safe,0.18599999999999994,Dem,0.2001304381536722,b'Kennedy'
182,MA-5,-0.43599999999999994,0.321,0.5183892022458918,0.6121462239355813,0.89,D,Safe,0.477,Dem,0.2013050973250349,b'Clark'
183,MA-6,-0.179,0.10800000000000004,0.3380642263642489,0.30680113575267404,0.92,D,Safe,0.305,Dem,0.3136380376124782,b'Moulton'
184,MA-7,-0.7219999999999999,0.669,0.9825235582616113,0.8368081723257669,0.49,D,Safe,0.853,Dem,0.061171158389329225,b'Pressley'
185,MA-8,-0.26,0.17,0.9842465259184147,0.6661568802045266,0.68,D,Safe,0.7959999999999999,Dem,0.2558315927182105,b'Lynch'
186,MA-9,-0.10700000000000003,0.12399999999999999,0.1879553481020474,0.18540268282953057,0.95,D,Safe,0.247,Dem,0.2960457304492562,b'Keating'
187,MD-1,0.28600000000000003,-0.22699999999999995,-0.21896110174695887,-0.3428545842561702,0.88,R,Safe,-0.296,Rep,0.7645648812042094,b'Harris'
188,MD-2,-0.244,0.281,0.353013399025669,0.31047995231687314,0.77,D,Safe,0.3159999999999999,Dem,0.38890735531515214,b'Ruppersberger'
189,MD-3,-0.305,0.23600000000000002,0.4084710461622507,0.31670139589089547,0.81,D,Safe,0.37800000000000006,Dem,0.2357247159899052,b'Sarbanes'
190,MD-4,-0.575,0.573,0.5819988606873853,0.5230284637837994,0.83,D,Safe,0.5840000000000001,Dem,0.24513924146143384,b'Brown'
191,MD-5,-0.31999999999999995,0.33699999999999997,0.4320549359157684,0.37801078270049904,0.84,D,Safe,0.34199999999999997,Dem,0.3129060050750559,b'Hoyer'
192,MD-6,-0.15099999999999994,0.12400000000000005,0.2099005682843877,0.14797269091923898,0.77,D,Safe,0.12700000000000006,Dem,0.3211913498772702,b'Trone'
193,MD-8,-0.344,0.26,0.379400620048226,0.2911064475710085,0.76,D,Safe,0.298,Dem,0.12074078441185285,b'Raskin'
194,ME-1,-0.14800000000000005,0.214,0.26313758394166986,0.24671386941319978,0.77,D,Safe,0.20599999999999996,Dem,0.2587566091310801,b'Pingree'
195,ME-2,0.10299999999999997,0.08600000000000002,0.010324447082321941,0.006116103545146828,0.79,D,Safe,0.07600000000000001,Dem,0.44472815627090456,b'Golden'
196,MI-1,0.21299999999999997,-0.08300000000000005,-0.1263319669049645,-0.08716532961475817,0.96,R,Safe,-0.243,Rep,0.6399192473621486,b'Bergman'
197,MI-2,0.17599999999999993,-0.12899999999999998,-0.12347158248298479,-0.24933785916821055,0.98,R,Safe,-0.21000000000000008,Rep,0.6972047687593821,b'Huizenga'
198,MI-3,0.09399999999999999,-0.07300000000000004,-0.11238334298770675,-0.15132810558441517,0.96,R,Vulnerable,-0.06000000000000005,Rep,0.3998369664300753,b'Amash'
199,MI-4,0.24799999999999997,-0.08,-0.2524820206981231,-0.2543001521942182,0.96,R,Safe,-0.32799999999999996,Rep,0.7166754095787596,b'Moolenaar'
200,MI-5,-0.04200000000000003,0.22400000000000006,0.23601277798077508,0.2967440259898085,0.93,D,Safe,0.128,Dem,0.30209600056305463,b'Kildee'
201,MI-6,0.08399999999999999,-0.014000000000000058,-0.04550876164641254,-0.13568654793790869,0.95,R,Vulnerable,-0.15699999999999992,Rep,0.5547415352617072,b'Upton'
202,MI-7,0.17,-0.031000000000000014,-0.07591676269233377,-0.11305581014687024,0.96,R,Safe,-0.1740000000000001,Rep,0.663567433141551,b'Walberg'
203,MI-8,0.06700000000000003,-0.031000000000000014,0.03834387707008047,-0.11716930756966651,0.96,D,Vulnerable,0.03600000000000003,Dem,0.3822280554660162,b'Slotkin'
204,MI-9,-0.07799999999999997,0.15300000000000005,0.2285602650354771,0.23891858697772025,0.95,D,Safe,0.195,Dem,0.17504159919059767,b'Levin'
205,MI-10,0.32199999999999995,-0.11599999999999994,-0.25323694005226627,-0.3362506198983836,0.96,R,Safe,-0.3259999999999999,Rep,0.7713371833149044,b'Mitchell'
206,MI-11,0.04400000000000006,-0.053999999999999986,0.06682511591588508,-0.06974076562954552,0.96,D,Vulnerable,0.02400000000000002,Dem,0.3541564607435227,b'Stevens'
207,MI-12,-0.26299999999999996,0.3340000000000001,0.3919281263152179,0.3673643776705519,0.95,D,Safe,0.35700000000000004,Dem,0.20368746602609394,b'Dingell'
208,MI-13,-0.607,0.7090000000000001,0.8423629259446049,0.6948534219335079,0.9,D,Safe,0.591,Dem,0.08128510941562847,b'Tlaib'
209,MI-14,-0.6090000000000001,0.624,0.6356181649395835,0.6203028002442793,0.88,D,Safe,0.6020000000000001,Dem,0.17838056539974811,b'Lawrence'
210,MN-1,0.149,0.013999999999999986,-0.004508659025375394,0.060064255782704454,0.92,R,Vulnerable,-0.02999999999999997,Rep,0.7081023856350595,b'Hagedorn'
211,MN-2,0.012000000000000028,0.0010000000000000141,0.05507622023386827,-0.05404709499675994,0.95,D,Safe,0.02200000000000002,Dem,0.39452306097407547,b'Craig'
212,MN-3,-0.09399999999999999,0.008000000000000042,0.11420556176826974,-0.10731567978927935,0.95,D,Safe,0.11200000000000004,Dem,0.525463618106058,b'Phillips'
213,MN-4,-0.309,0.27,0.36248607789077764,0.29667778641639053,0.91,D,Safe,0.34199999999999997,Dem,0.17000845161827274,b'McCollum'
214,MN-5,-0.552,0.495,0.5628615031541423,0.4978538542990276,0.92,D,Safe,0.386,Dem,0.07409846580062297,b'Omar'
215,MN-6,0.25699999999999995,-0.15,-0.22360844529750484,-0.18195392353132728,0.96,R,Safe,-0.31199999999999994,Rep,0.7297767678217877,b'Emmer'
216,MN-7,0.308,-0.09799999999999998,0.042641620694187365,0.10843314471238061,0.89,D,Vulnerable,-0.1319999999999999,Rep,0.6209494432503652,b'Peterson'
217,MN-8,0.15600000000000003,0.055,-0.055421356986228965,0.013293919777007182,0.93,R,Safe,-0.19199999999999995,Rep,0.6925996936626357,b'Stauber'
218,MO-1,-0.5820000000000001,0.6100000000000001,0.633855125284738,0.5777347193395634,0.88,D,Safe,0.599,Dem,0.249351498094307,b'Clay'
219,MO-2,0.10300000000000004,-0.15700000000000003,-0.03953029521413798,-0.19830402710829861,0.95,R,Vulnerable,-0.06600000000000006,Rep,0.7415848981832671,b'Wagner'
220,MO-3,0.3899999999999999,-0.259,-0.3224011731072555,-0.35989931860836355,0.97,R,Safe,-0.4090000000000001,Rep,0.7597085575081686,b'Luetkemeyer'
221,MO-4,0.36,-0.24800000000000005,-0.3210530622264043,-0.34658416955243215,0.96,R,Safe,-0.37899999999999995,Rep,0.8933891134401392,b'Hartzler'
222,MO-5,-0.135,0.195,0.2605845974945822,0.19239937763887122,0.96,D,Safe,0.20000000000000007,Dem,0.2381001810187147,b'Cleaver'
223,MO-6,0.314,-0.221,-0.3344236744824154,-0.356639335391467,0.99,R,Safe,-0.35699999999999993,Rep,0.5969893303853142,b'Graves'
224,MO-7,0.457,-0.373,-0.3614477745357643,-0.3596995380861431,1.0,R,Safe,-0.42700000000000005,Rep,0.7314378444107463,b'Long'
225,MO-8,0.544,-0.3390000000000001,-0.4837045525890794,-0.47453715051600454,0.94,R,Safe,-0.555,Rep,0.6770074814270214,b'Smith'
226,MS-1,0.33000000000000007,-0.249,-0.34518710812147757,-0.34447500675512044,0.9,R,Safe,-0.38900000000000007,Rep,0.7110049723998816,b'Kelly'
227,MS-2,-0.285,0.3340000000000001,0.7178684518405088,0.5341209666444504,0.78,D,Safe,0.28,Dem,0.17619418323895744,b'Thompson'
228,MS-3,0.245,-0.209,-0.25585083433422345,-0.4560046686400763,0.82,R,Safe,-0.30199999999999994,Rep,0.6618256277056832,b'Guest'
229,MS-4,0.41200000000000003,-0.36399999999999993,-0.3747608746178464,-0.3888929014344904,0.84,R,Safe,-0.96,Rep,0.6702878346886316,b'Palazzo'
230,MT-AL,0.20600000000000002,-0.13699999999999996,-0.0463442243681369,-0.11451537438485941,1.0,R,Vulnerable,-0.11599999999999994,Rep,0.7425807544881282,b'Gianforte'
231,NC-1,-0.37,0.36899999999999994,0.39695241587971025,0.44644300204559884,0.77,D,Safe,0.08200000000000007,Dem,0.2691014932448407,b'Butterfield'
232,NC-2,0.09600000000000002,-0.13,-0.054551648457661084,-0.12751565589620847,0.98,R,Vulnerable,0.28200000000000003,Dem,0.6294482684353584,b'Holding'
233,NC-3,0.23600000000000002,-0.179,-1.0,-0.4906094324313663,0.87,R,Safe,-0.268,Rep,0.5453791629644397,b'Murphy'
234,NC-4,-0.4,0.303,0.4833437316016555,0.4580342082516281,0.94,D,Safe,0.3459999999999999,Dem,0.2690676062091865,b'Price'
235,NC-5,0.17600000000000002,-0.14200000000000002,-0.14069582894948018,-0.17000598084835505,0.85,R,Safe,-0.36000000000000004,Rep,0.523955379830517,b'Foxx'
236,NC-6,0.14700000000000002,-0.12699999999999995,-0.13032072021381347,-0.1767105923075521,0.89,R,Vulnerable,0.246,Dem,0.7383693135415259,b'Walker'
237,NC-7,0.17700000000000002,-0.12699999999999995,-0.12741576695287476,-0.14154025895730324,0.96,R,Safe,-0.21200000000000002,Rep,0.7821838712596338,b'Rouzer'
238,NC-8,0.15,-0.10300000000000004,-0.10677400291952521,-0.16435631876188517,0.9,R,Vulnerable,-0.06599999999999989,Rep,0.7594477329084242,b'Hudson'
239,NC-9,0.11600000000000002,-0.11600000000000002,-0.003201080939596812,-0.2917977291054901,0.92,R,Vulnerable,-0.11000000000000004,Rep,0.4735650181421087,b'Bishop'
240,NC-10,0.24600000000000002,-0.18100000000000002,-0.185854766594304,-0.20219009276305885,0.92,R,Safe,-0.37999999999999995,Rep,0.5343902545210354,b'McHenry'
241,NC-11,0.29200000000000004,-0.205,-0.20455921188295323,-0.2231993677271286,0.98,R,Vulnerable,-0.12100000000000005,Rep,1.0,b'Meadows'
242,NC-12,-0.4000000000000001,0.365,0.46145634059139207,0.47539007052534166,0.79,D,Safe,1.0,Dem,0.2083013737465819,b'Adams'
243,NC-13,0.09399999999999999,-0.06799999999999998,-0.05996172061638183,-0.1160304008300189,0.69,R,Safe,-0.36599999999999994,Rep,0.884611345391889,b'Budd'
244,ND-AL,0.36399999999999993,-0.19800000000000004,-0.24629274846671556,-0.2506586874200507,0.9,R,Safe,-0.4139999999999999,Rep,0.6209136608510636,b'Armstrong'
245,NE-1,0.21299999999999997,-0.16700000000000004,-0.20718456774611238,-0.33459028488026643,1.0,R,Safe,-0.21899999999999997,Rep,0.6698499369569914,b'Fortenberry'
246,NE-2,0.02200000000000003,-0.07099999999999994,-0.019900597621586857,-0.003626900556413029,1.0,R,Vulnerable,-0.04799999999999999,Rep,0.7554024573434821,b'Bacon'
247,NE-3,0.549,-0.42400000000000004,-0.5344297340884372,-0.6314027099731854,0.95,R,Safe,-0.6080000000000001,Rep,0.6655263273202042,b'Smith'
248,NH-1,0.016000000000000014,0.016000000000000014,0.08551431251481756,0.025141100120708595,0.92,D,Safe,0.05199999999999999,Dem,0.3407157874149266,b'Pappas'
249,NH-2,-0.023999999999999987,0.09700000000000003,0.1335978977851665,0.0815751461318267,0.91,D,Safe,0.11099999999999988,Dem,0.3634586751562895,b'Kuster'
250,NJ-1,-0.245,0.31299999999999994,0.31133407739789987,0.27642855735052774,0.84,D,Safe,0.262,Dem,0.3404460242448169,b'Norcross'
251,NJ-2,0.04600000000000001,0.08100000000000002,0.07670990041143655,-0.1397088523670138,0.89,R,Vulnerable,-0.05700000000000005,Rep,0.5544167325059826,b'Van Drew'
252,NJ-3,0.06199999999999996,0.045999999999999944,0.012946639511201619,-0.09411995994767589,0.89,D,Safe,0.08100000000000007,Dem,0.4031881697030428,b'Kim'
253,NJ-4,0.14799999999999996,-0.095,-0.12332001576365392,-0.2695640611373137,0.91,R,Safe,-0.20899999999999996,Rep,0.5682179485196049,b'Smith'
254,NJ-5,0.010999999999999944,-0.03,0.13680534617971463,-0.015754300243855324,0.9,D,Safe,0.09900000000000003,Dem,0.6174665744277396,b'Gottheimer'
255,NJ-6,-0.15600000000000003,0.24,0.27265082845453104,0.2631180541851587,0.74,D,Safe,0.246,Dem,0.18881165108956707,b'Pallone'
256,NJ-7,-0.011000000000000015,-0.06200000000000003,0.05019489251476411,-0.10886038909035345,0.82,D,Vulnerable,0.04200000000000004,Dem,0.31138223152093875,b'Malinowski'
257,NJ-8,-0.542,0.575,0.5940243068000391,0.5883002842155931,0.62,D,Safe,0.5449999999999999,Dem,0.2691895910461006,b'Sires'
258,NJ-9,-0.31199999999999994,0.3760000000000001,0.41402882005428704,0.4261003779118993,0.79,D,Safe,0.34,Dem,0.2816309218638118,b'Pascrell'
259,NJ-10,-0.7240000000000001,0.764,0.77469411817605,0.7525924476057576,0.68,D,Safe,0.729,Dem,0.20747330100529324,b'Payne'
260,NJ-11,0.008999999999999985,-0.05799999999999997,0.14637146371463716,-0.12119164225684637,0.74,D,Safe,0.12200000000000005,Dem,0.4047718415622358,b'Sherrill'
261,NJ-12,-0.332,0.341,0.37362258543833576,0.33094885315405626,0.74,D,Safe,0.37799999999999995,Dem,0.05986803607500569,b'Watson Coleman'
262,NM-1,-0.165,0.15699999999999995,0.22808052592289352,0.2214101210756996,0.8,D,Safe,0.19999999999999996,Dem,0.07462774738730342,b'Haaland'
263,NM-2,0.10200000000000004,-0.06800000000000005,0.018679487694222507,-0.17673436069471077,0.96,D,Vulnerable,-0.07800000000000001,Rep,0.4348950234987038,b'Torres Small'
264,NM-3,-0.15099999999999994,0.18799999999999997,0.32166701375702855,0.26581075166132856,0.26,D,Safe,0.14999999999999997,Dem,0.23091540572091815,b'Luj\xc3\xa1n'
265,NV-1,-0.29,0.33199999999999996,0.3530134493203067,0.2985518631245906,0.84,D,Safe,0.29,Dem,0.2435028930895534,b'Titus'
266,NV-2,0.12299999999999997,-0.08100000000000002,-0.16461533646104676,-0.24254021764382255,0.92,R,Safe,-0.15599999999999997,Rep,0.590519639117078,b'Amodei'
267,NV-3,0.01,0.007999999999999972,0.09062858181208239,-0.05446983899740489,0.97,D,Vulnerable,0.03800000000000009,Dem,0.38505646371115787,b'Lee'
268,NV-4,-0.04899999999999999,0.10699999999999996,0.08180765366077969,0.04355056962075389,0.91,D,Safe,0.049000000000000044,Dem,0.2426286812701298,b'Horsford'
269,NY-1,0.12299999999999997,0.005,0.009816591557953447,-0.009713712773961575,0.76,R,Vulnerable,-0.22599999999999998,Rep,0.6428337261004612,b'Zeldin'
270,NY-2,0.09100000000000001,0.043999999999999984,-0.015595915710750086,-0.1277351720059231,0.78,R,Vulnerable,-0.16499999999999998,Rep,0.5564640054863654,b'King'
271,NY-3,-0.06100000000000001,0.025999999999999943,0.19179441478008846,0.13879578763421907,0.71,D,Safe,-0.015000000000000013,Rep,0.3488096794196622,b'Suozzi'
272,NY-4,-0.09600000000000002,0.135,0.2552669807767692,0.1944573882009608,0.76,D,Safe,0.04700000000000004,Dem,0.3722398211242448,b'Rice'
273,NY-5,-0.73,0.815,0.9939865362820568,0.7875778414552803,0.67,D,Safe,1.0,Dem,0.16451900006338724,b'Meeks'
274,NY-6,-0.3299999999999999,0.368,0.845018270796704,0.5569252423760704,0.74,D,Safe,0.252,Dem,0.1828972663386293,b'Meng'
275,NY-7,-0.765,0.7810000000000001,0.8526592160303111,0.7317272124712162,0.76,D,Safe,0.6689999999999999,Dem,0.1672650056346388,b'Vel\xc3\xa1zquez'
276,NY-8,-0.711,0.792,0.8918550689836976,0.7777187691323124,0.75,D,Safe,0.6519999999999999,Dem,0.2424811462620304,b'Jeffries'
277,NY-9,-0.691,0.715,0.7303353111496733,0.7153873753089854,0.74,D,Safe,0.6389999999999999,Dem,0.08706479218338363,b'Clarke'
278,NY-10,-0.595,0.48599999999999993,0.6088368300799211,0.5684655993823433,0.6,D,Safe,0.38499999999999995,Dem,0.14725978040123416,b'Nadler'
279,NY-11,0.09800000000000005,0.043000000000000045,0.08539180842261923,-0.035056787833539466,0.85,D,Vulnerable,-0.15799999999999992,Rep,0.4100013423198017,b'Rose'
280,NY-12,-0.698,0.554,0.6964192840156107,0.5773149352729665,0.57,D,Safe,0.5959999999999999,Dem,0.16092434046859266,b'Maloney'
281,NY-13,-0.8689999999999999,0.9,0.8485379258264809,0.7446761216766542,0.71,D,Safe,0.8180000000000001,Dem,0.07222686854150429,b'Espaillat'
282,NY-14,-0.5790000000000001,0.6240000000000001,0.6452791705617404,0.612636089720922,0.71,D,Safe,0.38199999999999995,Dem,0.09483864640067877,b'Ocasio-Cortez'
283,NY-15,-0.8889999999999999,0.937,0.9051259720541652,0.8543730861735064,0.74,D,Safe,0.764,Dem,0.14041629382220466,b'Serrano'
284,NY-16,-0.5259999999999999,0.48200000000000004,0.9425107441261807,0.681838422821053,0.63,D,Safe,0.828,Dem,0.19891308537515612,b'Engel'
285,NY-17,-0.20200000000000004,0.15300000000000005,0.8250215382710572,0.44913056268921103,0.71,D,Safe,0.14300000000000007,Dem,0.2463161363184355,b'Lowey'
286,NY-18,0.018999999999999986,0.04299999999999997,0.1192856291469665,0.08233421587880164,0.77,D,Safe,0.02899999999999997,Dem,0.2915780195786221,b'Maloney'
287,NY-19,0.06799999999999998,0.06200000000000003,0.08083031814046515,-0.038753939802405574,0.79,D,Safe,0.02699999999999997,Dem,0.3974660577549811,b'Delgado'
288,NY-20,-0.135,0.20400000000000007,0.2716849489124633,0.27629087512554446,0.8,D,Safe,0.13200000000000006,Dem,0.24489096006067898,b'Tonko'
289,NY-21,0.13899999999999998,0.06100000000000001,-0.09792703609090947,-0.11476966091631116,0.83,R,Safe,-0.286,Rep,0.7167690935349965,b'Stefanik'
290,NY-22,0.155,-0.0040000000000000565,0.02339060235975987,-0.2033002300029422,0.79,D,Vulnerable,-0.11000000000000004,Rep,0.5267813902814967,b'Brindisi'
291,NY-23,0.14799999999999996,-0.012000000000000028,-0.05744381671894633,-0.08750825163549103,0.79,R,Safe,-0.271,Rep,0.5471397906107909,b'Reed'
292,NY-24,-0.03600000000000001,0.15899999999999997,0.009075657351704736,-0.03204989105319453,0.77,R,Vulnerable,-0.20700000000000002,Rep,0.5393933983469207,b'Katko'
293,NY-25,-0.16399999999999998,0.19399999999999998,0.2096734784540204,0.1535654630968132,0.69,D,Safe,0.08000000000000002,Dem,0.2664021232129824,b'Morelle'
294,NY-26,-0.196,0.29600000000000004,0.4139372157649905,0.41718790775934844,0.76,D,Safe,0.34400000000000003,Dem,0.27669001523712305,b'Higgins'
295,OH-1,0.06600000000000002,-0.06100000000000001,-0.04417507835584028,-0.17352864410797747,0.89,R,Vulnerable,-0.07400000000000001,Rep,0.8440249716013372,b'Chabot'
296,OH-2,0.16099999999999995,-0.11,-0.16357397095225107,-0.244322459803343,0.88,R,Safe,-0.21599999999999997,Rep,0.6921996723060303,b'Wenstrup'
297,OH-3,-0.384,0.40800000000000003,0.4724193986468134,0.3861401280093914,0.85,D,Safe,0.412,Dem,0.2589353474793047,b'Beatty'
298,OH-4,0.33599999999999997,-0.14,-0.30528156018725355,-0.30924951088454977,0.91,R,Safe,-0.38600000000000007,Rep,0.6229593747001373,b'Jordan'
299,OH-5,0.251,-0.09799999999999998,-0.2711896677561641,-0.3114090610899074,0.9,R,Safe,-0.36000000000000004,Rep,0.7671423635851771,b'Latta'
300,OH-6,0.42599999999999993,-0.125,-0.38501743556855983,-0.2650183379285945,0.89,R,Safe,-0.486,Rep,0.7446486694175178,b'Johnson'
301,OH-7,0.29700000000000004,-0.095,-0.17487233985413558,-0.4133893542265372,0.91,R,Safe,-0.38300000000000006,Rep,0.8224772891341645,b'Gibbs'
302,OH-8,0.3449999999999999,-0.255,-0.331520719326933,-0.5349776715221725,0.89,R,Safe,-0.38099999999999995,Rep,0.639345106585837,b'Davidson'
303,OH-9,-0.22200000000000003,0.36699999999999994,0.3559113035005196,0.39635100684375835,0.85,D,Safe,0.26,Dem,0.27710462315685075,b'Kaptur'
304,OH-10,0.07299999999999997,-0.018999999999999986,-0.13761243193741435,-0.25219018200665566,0.88,R,Safe,-0.16999999999999998,Rep,0.7223387469130685,b'Turner'
305,OH-11,-0.635,0.662,0.6449054496130217,0.7097491385505484,0.78,D,Safe,0.6000000000000001,Dem,0.21174354355398706,b'Fudge'
306,OH-12,0.11300000000000004,-0.105,-0.04222486952907528,-0.2705853155261546,0.95,R,Safe,-0.13499999999999995,Rep,0.6904681747491677,b'Balderson'
307,OH-13,-0.065,0.275,0.21989895373354024,0.35004851277852106,0.88,D,Safe,0.07500000000000001,Dem,0.30579999479740805,b'Ryan'
308,OH-14,0.115,-0.032999999999999974,-0.10495903799478135,-0.20310278304518367,0.92,R,Safe,-0.202,Rep,0.6175858140203754,b'Joyce'
309,OH-15,0.154,-0.056000000000000015,-0.18629613292162922,-0.2653077571097829,0.91,R,Safe,-0.268,Rep,0.7042581666652941,b'Stivers'
310,OH-16,0.16700000000000004,-0.08199999999999996,-0.13462346935370856,-0.18922609677680657,0.92,R,Safe,-0.24400000000000005,Rep,0.6291821953782072,b'Gonzalez'
311,OK-1,0.287,-0.31599999999999995,-0.18598891658207295,-0.6250629747152805,0.96,R,Safe,-0.31,Rep,0.7422864515916832,b'Hern'
312,OK-2,0.5010000000000001,-0.3559999999999999,-0.34920972953954127,-0.3668830202480302,0.94,R,Safe,-0.53,Rep,0.6812791717507227,b'Mullin'
313,OK-3,0.5269999999999999,-0.47800000000000004,-0.4774784782004999,-0.542210919959692,0.93,R,Safe,-0.5700000000000001,Rep,0.520630596313577,b'Lucas'
314,OK-4,0.37400000000000005,-0.34199999999999997,-0.3006237375231366,-0.4001118305902205,0.94,R,Safe,-0.3899999999999999,Rep,0.75958464124252,b'Cole'
315,OK-5,0.13400000000000006,-0.18400000000000005,0.013968865082022053,-0.1602638705277165,0.95,D,Vulnerable,-0.04200000000000004,Rep,0.4740995203459695,b'Horn'
316,OR-1,-0.22799999999999998,0.17299999999999996,0.31590451728704005,0.2590882003500445,1.0,D,Safe,0.29400000000000004,Dem,0.203715833156112,b'Bonamici'
317,OR-2,0.201,-0.16299999999999998,-0.16896522732019015,-0.362086528673251,1.0,R,Safe,-0.23299999999999998,Rep,0.5337913916327782,b'Walden'
318,OR-3,-0.48200000000000004,0.473,0.5277602868398182,0.5800704456434496,1.0,D,Safe,0.497,Dem,0.08168801130954349,b'Blumenauer'
319,OR-4,-0.0010000000000000141,0.06700000000000003,0.15097092195348266,0.17995578924181188,1.0,D,Vulnerable,0.05300000000000005,Dem,0.27116905490821563,b'DeFazio'
320,OR-5,-0.041999999999999954,0.03399999999999999,0.13195004309996122,0.12425189601090017,1.0,D,Safe,0.06700000000000006,Dem,0.4156055830368191,b'Schrader'
321,PA-1,-0.02,0.016000000000000014,-0.025191177629943162,0.4936384343532839,0.95,R,Vulnerable,-0.13400000000000006,Rep,0.5972729886490109,b'Fitzpatrick'
322,PA-2,-0.4800000000000001,0.556,0.5803388420750364,0.7342676060602269,0.79,D,Safe,0.442,Dem,0.2907609924085714,b'Boyle'
323,PA-3,-0.8390000000000001,0.8410000000000001,0.8676155936583798,-0.12087193343505803,0.82,D,Safe,0.8180000000000001,Dem,0.19537414290275693,b'Evans'
324,PA-4,-0.19299999999999998,0.13300000000000003,0.27044875086714054,-0.19864455330821534,0.98,D,Safe,0.18799999999999994,Dem,0.2209412981319409,b'Dean'
325,PA-5,-0.28200000000000003,0.27699999999999997,0.30377337437728497,-0.14248236708221912,0.9,D,Safe,0.29000000000000004,Dem,0.20055063220712646,b'Scanlon'
326,PA-6,-0.09300000000000004,0.03200000000000003,0.17751832169314974,-0.05897010407645059,0.95,D,Safe,0.11799999999999994,Dem,0.37539221564763625,b'Houlahan'
327,PA-7,-0.011000000000000015,0.07,0.1001895457359806,-0.1294704252823227,0.95,D,Safe,0.035999999999999976,Dem,0.27400054747145824,b'Wild'
328,PA-8,0.09599999999999995,0.11899999999999998,0.09284108217886411,-0.09144650606394077,0.93,D,Vulnerable,0.03400000000000003,Dem,0.2978841801163084,b'Cartwright'
329,PA-9,0.34,-0.16,-0.19491256472781182,-0.24141509900314628,0.93,R,Safe,-0.328,Rep,0.6486663096237617,b'Meuser'
330,PA-10,0.08899999999999998,-0.06600000000000002,-0.026447172657396267,-0.2798110634842654,0.94,R,Vulnerable,-0.068,Rep,0.7340313201494764,b'Perry'
331,PA-11,0.25799999999999995,-0.225,-0.1795204334543778,-0.23747617952964628,0.97,R,Safe,-0.264,Rep,0.6635345756575107,b'Smucker'
332,PA-12,0.36399999999999993,-0.24700000000000003,-0.3207502296286577,-0.19406154048368307,0.94,R,Safe,-0.41800000000000004,Rep,0.5542533828621525,b'Keller'
333,PA-13,0.457,-0.3449999999999999,-0.4098457747980384,0.32857483262667025,0.97,R,Safe,-0.47,Rep,0.7400753857492202,b'Joyce'
334,PA-14,0.29,-0.17699999999999996,-0.15810692442156232,0.46677565238395863,0.94,R,Safe,-0.296,Rep,0.7432779589420568,b'Reschenthaler'
335,PA-15,0.433,-0.26899999999999996,-0.35684725666332745,-0.4238790195213787,0.95,R,Safe,-0.47,Rep,0.7293026416541419,b'Thompson'
336,PA-16,0.2,-0.04800000000000004,-0.042832207808045863,-0.11597162633742358,0.92,R,Safe,-0.18799999999999994,Rep,0.7281604547314355,b'Kelly'
337,PA-17,0.026000000000000013,-0.045,0.12514627786190147,0.1356530113968798,0.95,D,Safe,0.02200000000000002,Dem,0.3934951496139609,b'Lamb'
338,PA-18,-0.275,0.283,1.0,-0.3197761403239562,0.88,D,Safe,0.38199999999999995,Dem,0.3200047375446409,b'Doyle'
339,RI-1,-0.256,0.34,0.33623041882320504,0.23603532937812968,0.89,D,Safe,0.711,Dem,0.2076009173783312,b'Cicilline'
340,RI-2,-0.07100000000000001,0.215,0.2721175519711643,0.24967423234240274,0.96,D,Safe,0.16199999999999998,Dem,0.2445269252017817,b'Langevin'
341,SC-1,0.131,-0.18099999999999994,0.013853663288488138,-0.3619431379389245,1.0,D,Vulnerable,-0.01200000000000001,Rep,0.5238006788216719,b'Cunningham'
342,SC-2,0.17699999999999996,-0.19700000000000004,-0.13783595642823532,-0.40735169695908446,0.96,R,Safe,-0.13100000000000006,Rep,0.7196357793724847,b'Wilson'
343,SC-3,0.38,-0.306,-0.36821630033067504,-0.39572370256566364,0.98,R,Safe,-0.42400000000000004,Rep,0.8031319346811884,b'Duncan'
344,SC-4,0.257,-0.26,-0.23012502562000414,-0.4435544442355067,1.0,R,Safe,-0.248,Rep,0.6228375831600459,b'Timmons'
345,SC-5,0.185,-0.115,-0.15539526669589943,-0.17816390299700263,1.0,R,Safe,-0.202,Rep,0.9573068854999776,b'Norman'
346,SC-6,-0.365,0.42800000000000005,0.41893980129146013,0.5623719963533108,0.91,D,Safe,0.37400000000000005,Dem,0.2536331447455637,b'Clyburn'
347,SC-7,0.18899999999999997,-0.10100000000000002,-0.1925119179809145,-0.1960009338990102,1.0,R,Safe,-0.236,Rep,0.6061066020192882,b'Rice'
348,SD-AL,0.298,-0.18,-0.24332952773861227,-0.2512431175216154,1.0,R,Safe,-0.81,Rep,0.6244500776092979,b'Johnson'
349,TN-1,0.57,-0.47,-0.5604417652776416,-0.6449569890323014,0.98,R,Safe,-0.524,Rep,0.8543110394402347,b'Roe'
350,TN-2,0.3539999999999999,-0.364,-0.3287936704128423,-0.4698339435413472,1.0,R,Safe,-0.36700000000000005,Rep,0.6305730810510377,b'Burchett'
351,TN-3,0.35200000000000004,-0.282,-0.29207169450491327,-0.30128050952168967,0.99,R,Safe,-0.36799999999999994,Rep,0.6648079419405973,b'Fleischmann'
352,TN-4,0.412,-0.32199999999999995,-0.29794666402811776,-0.23595810736932574,1.0,R,Safe,-0.3340000000000001,Rep,0.7393899737945139,b'DesJarlais'
353,TN-5,-0.18299999999999997,0.13399999999999998,0.3569369451816601,0.2996852456459511,0.9,D,Safe,1.0,Dem,0.3393166826458218,b'Cooper'
354,TN-6,0.48899999999999993,-0.39599999999999996,-0.41183565168448977,-0.5375705015087051,1.0,R,Safe,-0.497,Rep,0.5733075855143996,b'Rose'
355,TN-7,0.39299999999999996,-0.32800000000000007,-0.34754544310962954,-0.4343396339067348,1.0,R,Safe,-0.4250000000000001,Rep,0.7497580961621918,b'Green'
356,TN-8,0.3559999999999999,-0.33199999999999996,-0.3755863818478326,-0.4183840199159533,0.96,R,Safe,-0.39000000000000007,Rep,0.6740595638831217,b'Kustoff'
357,TN-9,-0.5770000000000001,0.5750000000000001,0.6074522250876149,0.5588672541211096,0.93,D,Safe,0.573,Dem,0.11491176342323928,b'Cohen'
358,TX-1,0.4690000000000001,-0.44099999999999995,-0.4593588862151943,-0.48783081492572483,0.88,R,Safe,-0.452,Rep,0.7021549249589351,b'Gohmert'
359,TX-2,0.09299999999999997,-0.27299999999999996,-0.07287996598226221,-0.2558387333931197,0.96,R,Safe,-0.13800000000000007,Rep,0.7314673866447051,b'Crenshaw'
360,TX-3,0.14199999999999996,-0.30099999999999993,-0.1001116760690024,-0.5466201354068623,0.99,R,Vulnerable,-0.12400000000000005,Rep,0.5966034702759109,b'Taylor'
361,TX-4,0.536,-0.49200000000000005,-0.5266585086962627,-0.7239307656293757,0.94,R,Safe,-0.523,Rep,0.7141232374594291,b'Ratcliffe'
362,TX-5,0.28400000000000003,-0.301,-0.24796784832965008,-0.5548413439591772,0.92,R,Safe,-0.261,Rep,0.7167711009389071,b'Gooden'
363,TX-6,0.12300000000000004,-0.171,-0.0765929027268964,-0.17617268503397465,0.94,R,Safe,-0.08900000000000002,Rep,0.9025201192749132,b'Wright'
364,TX-7,-0.013999999999999986,-0.21299999999999997,0.05056218981038668,-0.15095531933473666,0.92,D,Safe,0.03300000000000003,Dem,0.37530847292744973,b'Fletcher'
365,TX-8,0.48800000000000004,-0.5529999999999999,-0.4857378189405865,-0.7371386725841838,1.0,R,Safe,-0.471,Rep,0.5844455380466724,b'Brady'
366,TX-9,-0.613,0.569,0.8905562708740465,0.7499097987605572,0.92,D,Safe,0.5389999999999999,Dem,0.22227781855078585,b'Green'
367,TX-10,0.09099999999999994,-0.20300000000000004,-0.042660325442537506,-0.1886667150477879,0.99,R,Vulnerable,-0.07200000000000006,Rep,0.5956458833768887,b'McCaul'
368,TX-11,0.587,-0.596,-0.6169972365537238,-0.7538544915084615,0.9,R,Safe,-0.6140000000000001,Rep,0.7046933091480293,b'Conaway'
369,TX-12,0.30199999999999994,-0.3509999999999999,-0.303782994588273,-0.4053915954917895,0.99,R,Safe,-0.307,Rep,0.5179170283956648,b'Granger'
370,TX-13,0.6300000000000001,-0.617,-0.6461827918083798,-0.7927348349684975,0.88,R,Safe,-0.631,Rep,0.4932883513220254,b'Thornberry'
371,TX-14,0.19800000000000004,-0.19799999999999998,-0.19925126210942834,-0.1956918983919094,0.9,R,Safe,-0.23400000000000004,Rep,0.8781706924005646,b'Weber'
372,TX-15,-0.16700000000000004,0.15899999999999997,0.20916615089622692,0.18829851963137986,0.96,D,Safe,0.03300000000000003,Dem,0.4696059325842538,b'Gonzalez'
373,TX-16,-0.40700000000000003,0.29700000000000004,0.41435126599689687,0.4949425248845486,0.9,D,Safe,0.286,Dem,0.24074416316165595,b'Escobar'
374,TX-17,0.175,-0.22699999999999995,-0.15492245661488685,-0.38291532184535265,0.94,R,Safe,-0.14999999999999997,Rep,0.8067358355138259,b'Flores'
375,TX-18,-0.565,0.5329999999999999,0.5443222012455786,0.5093463421543281,0.92,D,Safe,0.498,Dem,0.06438538058833379,b'Jackson Lee'
376,TX-19,0.49,-0.48599999999999993,-0.5045275639280145,-0.7022693856296089,0.89,R,Safe,-0.52,Rep,0.6684709345904694,b'Arrington'
377,TX-20,-0.267,0.19199999999999995,0.808534394026622,0.666703310809097,0.95,D,Safe,0.316,Dem,0.2714565872661615,b'Castro'
378,TX-21,0.1,-0.21899999999999997,-0.02611017004272992,-0.30025985870771743,0.94,R,Vulnerable,-0.069,Rep,0.5892036447972614,b'Roy'
379,TX-22,0.07899999999999999,-0.254,-0.04908121921285791,-0.22749972249423808,1.0,R,Vulnerable,-0.06700000000000006,Rep,0.7919349578593553,b'Olson'
380,TX-23,-0.03399999999999999,-0.026000000000000013,-0.0044080754418786006,0.0021973022854341745,1.0,R,Vulnerable,-0.02999999999999997,Rep,0.6417238401589137,b'Hurd'
381,TX-24,0.06200000000000003,-0.22399999999999998,-0.030696459619312277,-0.19422059191730195,0.94,R,Vulnerable,-0.013000000000000012,Rep,0.6892195098514896,b'Marchant'
382,TX-25,0.149,-0.221,-0.08746589263609295,-0.18582186956354427,0.95,R,Safe,-0.14000000000000007,Rep,0.6635471193530447,b'Williams'
383,TX-26,0.265,-0.36899999999999994,-0.20355834306651094,-0.4483451175105845,1.0,R,Safe,-0.23399999999999993,Rep,0.6143815813695809,b'Burgess'
384,TX-27,0.23600000000000002,-0.22299999999999998,-0.2371457084866045,-0.23635138083352325,0.89,R,Safe,-0.28200000000000003,Rep,0.6859021275082141,b'Cloud'
385,TX-28,-0.19799999999999998,0.21599999999999994,0.843908465372847,0.5987500835666608,0.95,D,Safe,0.19299999999999995,Dem,0.5534940019603691,b'Cuellar'
386,TX-29,-0.45699999999999996,0.32900000000000007,0.5114303709125572,0.6979747273614989,0.89,D,Safe,0.437,Dem,0.21461373192620545,b'Garcia'
387,TX-30,-0.608,0.6,0.9105222356884711,0.7444274763919131,0.92,D,Safe,0.591,Dem,0.18173079337987366,b'Johnson'
388,TX-31,0.12700000000000003,-0.21300000000000005,-0.029083204257238482,-0.20787360701562602,1.0,R,Vulnerable,-0.09300000000000003,Rep,0.5334259977230662,b'Carter'
389,TX-32,-0.018999999999999986,-0.155,0.06518394891517304,-0.2743688810990004,0.94,D,Safe,0.06000000000000005,Dem,0.4107778927310439,b'Allred'
390,TX-33,-0.49200000000000005,0.449,0.5425501576863718,0.587325327361269,0.93,D,Safe,0.4169999999999999,Dem,0.2731719891635273,b'Veasey'
391,TX-34,-0.215,0.225,0.19977912601000924,0.22971196417620032,0.9,D,Safe,0.13499999999999995,Dem,0.40921123694960143,b'Vela'
392,TX-35,-0.33599999999999997,0.284,0.45203460660493544,0.34452276607478816,1.0,D,Safe,0.35300000000000004,Dem,0.2869366657013992,b'Doggett'
393,TX-36,0.46799999999999997,-0.475,-0.45117050226170957,-0.5794358236947545,0.91,R,Safe,-0.495,Rep,0.8181638795147045,b'Babin'
394,UT-1,0.273,-0.5700000000000001,-0.3671721719163459,-0.3993843358786815,0.98,R,Safe,-0.38800000000000007,Rep,0.6021806193610145,b'Bishop'
395,UT-2,0.14,-0.38799999999999996,-0.17196456873694654,-0.25474598108529123,0.96,R,Safe,-0.237,Rep,0.6281962808306556,b'Stewart'
396,UT-3,0.23900000000000002,-0.588,-0.4024214047856354,-0.4752450605679697,0.92,R,Safe,-0.41700000000000004,Rep,0.6446889656237631,b'Curtis'
397,UT-4,0.06700000000000003,-0.37,0.002577329159099917,-0.04245725204811032,0.96,D,Vulnerable,0.0050000000000000044,Dem,0.4467009316649487,b'McAdams'
398,VA-1,0.12399999999999999,-0.11899999999999998,-0.10474524316397726,-0.1933401208672066,0.96,R,Safe,-0.1640000000000001,Rep,0.7559518370465494,b'Wittman'
399,VA-2,0.03399999999999999,-0.022999999999999972,0.022359180687637203,-0.11462566828075334,0.92,D,Vulnerable,0.05399999999999999,Dem,0.41783510585487627,b'Luria'
400,VA-3,-0.317,0.363,0.912241298536666,0.7052070867223467,0.87,D,Safe,0.36400000000000005,Dem,0.215001195297352,b'Scott'
401,VA-4,-0.21600000000000003,0.21799999999999997,0.26658307042760804,0.014226114172645715,0.91,D,Safe,0.22199999999999998,Dem,0.2359002784217177,b'McEachin'
402,VA-5,0.11100000000000002,-0.06600000000000002,-0.06528563066453114,-0.1519321359130324,0.92,R,Vulnerable,-0.052000000000000046,Rep,0.7629887841508323,b'Riggleman'
403,VA-6,0.24800000000000005,-0.19299999999999998,-0.1948417958823926,-0.39535136502986357,0.97,R,Safe,-0.298,Rep,0.6513088229772266,b'Cline'
404,VA-7,0.065,-0.105,0.019393773066554543,-0.1355566261634959,0.97,D,Vulnerable,0.020000000000000018,Dem,0.4816798618144817,b'Spanberger'
405,VA-8,-0.526,0.368,0.5242156995578109,0.39802342041466204,0.9,D,Safe,0.514,Dem,0.2363808947339444,b'Beyer'
406,VA-9,0.415,-0.28200000000000003,-0.3040732043080412,-0.4138117507783765,0.85,R,Safe,-1.0,Rep,0.5904369429832967,b'Griffith'
407,VA-10,-0.1,-0.011000000000000015,0.12375100259655508,-0.07294073545683234,0.97,D,Safe,0.12999999999999995,Dem,0.26252598258342885,b'Wexton'
408,VA-11,-0.3940000000000001,0.262,0.44174533657745335,0.43511219579503074,0.91,D,Safe,0.43400000000000005,Dem,0.27714971285108936,b'Connolly'
409,VT-AL,-0.264,0.358,0.432525481646241,0.5194743965462186,0.99,D,Safe,0.4029999999999999,Dem,0.27604686295274616,b'Welch'
410,WA-1,-0.16300000000000003,0.10800000000000004,0.18535326062456609,0.11827730641320422,1.0,D,Safe,0.17599999999999993,Dem,0.23768804686502365,b'DelBene'
411,WA-2,-0.221,0.21200000000000002,0.7129018800473489,0.3568871790735081,1.0,D,Safe,0.27,Dem,0.26962791266266795,b'Larsen'
412,WA-3,0.07399999999999998,-0.01700000000000003,-0.05341995794626753,-0.18167771455721476,1.0,R,Vulnerable,-0.12999999999999995,Rep,0.5624846169195163,b'Herrera Beutler'
413,WA-4,0.22799999999999998,-0.21800000000000005,-0.2563549543792381,-0.4162928591683162,1.0,R,Safe,-0.31000000000000005,Rep,0.7037335553057771,b'Newhouse'
414,WA-5,0.131,-0.09799999999999998,-0.09519989261644407,-0.18501132771874435,1.0,R,Safe,-0.22199999999999998,Rep,0.7096774068016928,b'McMorris Rodgers'
415,WA-6,-0.12299999999999997,0.149,0.27773410175618873,0.2369914843901449,1.0,D,Safe,0.194,Dem,0.4035312589079656,b'Kilmer'
416,WA-7,-0.699,0.611,0.6712230890263275,0.6108864149009483,0.97,D,Safe,0.664,Dem,0.09157577310071106,b'Jayapal'
417,WA-8,-0.03,0.016000000000000014,0.04830110810491384,-0.15350142803476158,1.0,D,Safe,0.035999999999999976,Dem,0.3083411339026387,b'Schrier'
418,WA-9,-0.47200000000000003,0.38699999999999996,0.6790000290979228,0.4963992770542055,1.0,D,Safe,0.486,Dem,0.16788642058079806,b'Smith'
419,WA-10,-0.11399999999999999,0.15199999999999997,0.23088031102471535,0.16734511331987528,0.83,D,Safe,0.524,Dem,0.3127137797303329,b'Heck'
420,WI-1,0.10300000000000004,-0.04200000000000003,-0.12290780992078493,-0.21294480059761967,0.86,R,Safe,-0.21999999999999997,Rep,0.5960716318602507,b'Steil'
421,WI-2,-0.368,0.37799999999999995,0.974222726484817,0.519671116762621,0.91,D,Safe,0.3940000000000001,Dem,0.1731187227967989,b'Pocan'
422,WI-3,0.045,0.11,0.19336548260415443,0.39867900132003653,0.89,D,Vulnerable,0.030000000000000027,Dem,0.4621855915621042,b'Kind'
423,WI-4,-0.522,0.515,0.5397400828307463,0.553760002354131,0.83,D,Safe,0.52,Dem,0.07635437141460867,b'Moore'
424,WI-5,0.201,-0.23599999999999993,-0.23946437983134217,-0.3401998496809243,0.92,R,Safe,-0.19599999999999995,Rep,0.6251062194859021,b'Sensenbrenner'
425,WI-6,0.16900000000000007,-0.07300000000000004,-0.11005491209450413,-0.1778520172422035,0.9,R,Safe,-0.18500000000000005,Rep,0.8455842224668317,b'Grothman'
426,WI-8,0.17600000000000002,-0.03699999999999996,-0.2741853066240031,-0.2370342366340778,0.82,R,Safe,-0.308,Rep,0.7068709025211873,b'Gallagher'
427,WV-1,0.41600000000000004,-0.267,-0.29150312288738434,-0.2999107809249908,0.91,R,Safe,-0.37500000000000006,Rep,0.6692509221325073,b'McKinley'
428,WV-2,0.364,-0.22,-0.1098333919293723,-0.17518954289845462,0.97,R,Safe,-0.262,Rep,0.8910635424859592,b'Mooney'
429,WV-3,0.49200000000000005,-0.322,-0.1274680686916021,-0.1484801774333471,0.93,R,Safe,-0.42800000000000005,Rep,0.6560658863710094,b'Miller'
430,WY-AL,0.4759999999999999,-0.41200000000000003,-0.3381947377574598,-0.38098726376552117,0.93,R,Safe,-0.44100000000000006,Rep,0.5909546243494789,b'Cheney'
